Trial_ID,study_version,minimum_age,maximum_age,num_conditions,NO_INTERVENTION,OTHER,PLACEBO_COMPARATOR,ACTIVE_COMPARATOR,SHAM_COMPARATOR,EXPERIMENTAL
NCT02125461,47,18,130,1,0.0,0.0,1.0,0.0,0.0,1.0
NCT01721746,89,18,130,1,0.0,0.0,0.0,1.0,0.0,1.0
NCT04008030,81,18,130,1,0.0,0.0,0.0,1.0,0.0,2.0
NCT02617589,83,18,130,1,0.0,0.0,0.0,1.0,0.0,1.0
NCT00910247,65,16,70,1,0.0,0.0,0.0,0.0,0.0,1.0
NCT01668784,78,18,130,1,0.0,0.0,0.0,1.0,0.0,1.0
NCT02231749,96,18,130,2,0.0,0.0,0.0,1.0,0.0,1.0
NCT01642004,54,18,130,1,0.0,0.0,0.0,0.0,0.0,2.0
NCT02555657,51,18,130,1,0.0,0.0,0.0,1.0,0.0,1.0
NCT02494583,54,18,130,1,0.0,0.0,1.0,0.0,0.0,2.0
NCT02684292,54,18,130,1,0.0,0.0,0.0,1.0,0.0,1.0
NCT02362594,38,18,130,1,0.0,0.0,1.0,0.0,0.0,1.0
NCT01074047,23,65,130,1,0.0,0.0,0.0,1.0,0.0,1.0
NCT04303780,34,18,100,1,0.0,0.0,0.0,1.0,0.0,1.0
NCT02576977,44,18,130,1,0.0,0.0,0.0,1.0,0.0,1.0
NCT02625623,28,18,130,2,0.0,0.0,0.0,1.0,0.0,1.0
NCT02625610,39,18,130,1,0.0,0.0,0.0,0.0,0.0,2.0
NCT02853331,40,18,130,1,0.0,0.0,0.0,1.0,0.0,1.0
NCT02220894,50,18,130,1,0.0,0.0,0.0,1.0,0.0,1.0
NCT01908426,52,18,130,1,0.0,0.0,1.0,0.0,0.0,1.0
NCT05418673,19,30,80,1,0.0,0.0,1.0,0.0,0.0,1.0
NCT02576574,50,18,130,1,0.0,0.0,0.0,1.0,0.0,2.0
NCT02684006,63,18,130,1,0.0,0.0,0.0,1.0,0.0,1.0
NCT02788279,22,18,130,1,0.0,0.0,0.0,1.0,0.0,2.0
NCT02027428,46,18,130,1,0.0,1.0,0.0,0.0,0.0,1.0
NCT02008227,93,18,130,1,0.0,0.0,0.0,1.0,0.0,1.0
NCT01844505,98,18,130,1,0.0,0.0,0.0,0.0,0.0,3.0
NCT02763579,55,18,130,1,0.0,0.0,0.0,1.0,0.0,1.0
NCT02979899,23,12,130,1,0.0,0.0,0.0,1.0,0.0,1.0
NCT02425891,54,18,130,1,0.0,0.0,1.0,0.0,0.0,1.0
NCT05827081,22,18,100,1,0.0,0.0,0.0,0.0,0.0,1.0
NCT01057810,91,18,130,1,0.0,0.0,1.0,0.0,0.0,1.0
NCT01450761,62,18,130,1,0.0,0.0,1.0,0.0,0.0,1.0
NCT03924869,166,18,130,1,0.0,0.0,1.0,0.0,0.0,1.0
NCT01161498,8,18,130,2,0.0,0.0,0.0,1.0,0.0,1.0
NCT00769704,56,18,130,1,0.0,0.0,0.0,1.0,0.0,1.0
NCT02013167,43,18,130,1,0.0,0.0,0.0,1.0,0.0,1.0
NCT03155997,99,18,130,1,0.0,1.0,0.0,0.0,0.0,1.0
NCT01160211,225,18,130,1,0.0,0.0,0.0,2.0,0.0,1.0
NCT00002093,1,18,130,2,0.0,0.0,0.0,0.0,0.0,0.0
NCT04427072,28,18,100,1,0.0,0.0,0.0,1.0,0.0,1.0
NCT00887822,101,18,130,1,0.0,0.0,1.0,0.0,0.0,1.0
NCT02437318,69,18,100,1,0.0,0.0,1.0,0.0,0.0,1.0
NCT01974752,16,18,130,2,0.0,0.0,1.0,0.0,0.0,1.0
NCT03642132,81,18,130,1,0.0,0.0,0.0,1.0,0.0,2.0
NCT02107703,58,18,130,1,0.0,0.0,1.0,0.0,0.0,1.0
NCT01440088,17,15,130,1,0.0,0.0,0.0,1.0,0.0,1.0
NCT03786094,38,18,130,2,0.0,0.0,0.0,1.0,0.0,1.0
NCT01770379,11,18,130,1,0.0,0.0,1.0,0.0,0.0,2.0
NCT01358877,141,18,130,1,0.0,0.0,1.0,0.0,0.0,1.0
NCT01684878,106,18,130,1,0.0,0.0,1.0,0.0,0.0,3.0
NCT01287741,141,18,130,1,0.0,0.0,0.0,1.0,0.0,1.0
NCT01174004,9,40,130,1,0.0,0.0,1.0,0.0,0.0,1.0
NCT01064401,24,18,55,1,0.0,0.0,0.0,1.0,0.0,1.0
NCT01715285,79,18,130,1,0.0,0.0,1.0,0.0,0.0,1.0
NCT01059630,71,18,130,1,0.0,0.0,0.0,1.0,0.0,1.0
NCT01892722,45,10,17,1,0.0,0.0,0.0,1.0,0.0,2.0
NCT02435433,75,18,130,1,0.0,0.0,2.0,0.0,0.0,3.0
NCT02285062,55,18,80,1,0.0,0.0,0.0,1.0,0.0,1.0
NCT00026312,796,0,30,6,0.0,0.0,0.0,1.0,0.0,1.0
NCT01846611,80,18,130,3,0.0,0.0,0.0,1.0,0.0,1.0
NCT00073528,105,18,130,1,0.0,0.0,1.0,0.0,0.0,1.0
NCT00262847,383,18,130,27,0.0,0.0,0.0,1.0,0.0,2.0
NCT00981058,64,18,130,1,0.0,0.0,0.0,1.0,0.0,1.0
NCT02451943,48,18,130,1,0.0,0.0,1.0,0.0,0.0,1.0
NCT01239797,79,18,130,2,0.0,0.0,0.0,1.0,0.0,1.0
NCT01564784,52,18,130,1,0.0,0.0,0.0,1.0,0.0,1.0
NCT02970318,24,18,130,1,0.0,0.0,0.0,1.0,0.0,1.0
NCT03066778,58,18,130,1,0.0,0.0,0.0,1.0,0.0,1.0
NCT00822393,21,18,70,2,0.0,0.0,0.0,1.0,0.0,1.0
NCT02535091,11,18,70,1,0.0,0.0,0.0,0.0,0.0,1.0
NCT01261325,58,16,80,1,0.0,0.0,1.0,0.0,0.0,2.0
NCT01345669,117,18,130,1,0.0,0.0,1.0,0.0,0.0,1.0
NCT01121393,72,18,130,2,0.0,0.0,0.0,1.0,0.0,1.0
NCT01523587,70,18,130,1,0.0,0.0,0.0,1.0,0.0,1.0
NCT01405053,15,1,3,1,0.0,0.0,0.0,2.0,0.0,0.0
NCT03070392,48,18,99,1,0.0,0.0,0.0,1.0,0.0,1.0
NCT01713946,30,2,65,1,0.0,0.0,1.0,0.0,0.0,2.0
NCT02504489,17,18,130,1,0.0,0.0,0.0,1.0,0.0,1.0
NCT02264574,13,18,130,2,0.0,0.0,0.0,0.0,0.0,2.0
NCT01974440,99,18,130,1,0.0,0.0,1.0,0.0,0.0,1.0
NCT04855747,12,18,65,2,0.0,0.0,1.0,0.0,0.0,1.0
NCT02942004,16,18,45,1,0.0,0.0,1.0,0.0,0.0,2.0
NCT02952586,109,18,130,1,0.0,0.0,1.0,0.0,0.0,1.0
NCT03511664,92,18,130,1,0.0,1.0,0.0,0.0,0.0,1.0
NCT01682083,106,18,130,1,0.0,0.0,1.0,0.0,0.0,1.0
NCT03104374,37,18,130,1,0.0,0.0,2.0,0.0,0.0,2.0
NCT01311687,28,18,130,1,0.0,0.0,0.0,1.0,0.0,1.0
NCT01996865,64,18,130,1,0.0,0.0,0.0,1.0,0.0,1.0
NCT01709578,63,18,130,1,0.0,0.0,1.0,0.0,0.0,2.0
NCT03358875,26,18,130,1,0.0,0.0,0.0,1.0,0.0,1.0
NCT01774344,61,18,130,1,0.0,0.0,1.0,0.0,0.0,1.0
NCT02187367,12,18,130,1,1.0,0.0,0.0,0.0,0.0,1.0
NCT03594747,22,18,75,1,0.0,0.0,0.0,1.0,0.0,2.0
NCT02395172,20,18,130,1,0.0,0.0,0.0,1.0,0.0,1.0
NCT01584648,63,18,130,1,0.0,0.0,0.0,1.0,0.0,1.0
NCT02436668,33,18,130,1,0.0,0.0,1.0,1.0,0.0,0.0
NCT01721057,32,18,130,1,0.0,0.0,1.0,0.0,0.0,2.0
NCT01072981,85,18,130,1,0.0,0.0,0.0,1.0,0.0,1.0
NCT00790036,37,18,130,1,0.0,0.0,1.0,0.0,0.0,1.0
NCT03761225,9,18,130,1,0.0,0.0,1.0,0.0,0.0,1.0
NCT01492686,7,20,75,1,0.0,0.0,1.0,0.0,0.0,1.0
NCT04100018,81,18,130,1,0.0,0.0,1.0,0.0,0.0,1.0
NCT02752074,14,18,130,1,0.0,0.0,0.0,1.0,0.0,1.0
NCT01605227,31,18,130,4,0.0,0.0,0.0,1.0,0.0,1.0
NCT01023308,31,18,130,1,0.0,0.0,1.0,0.0,0.0,1.0
NCT02990338,72,18,130,1,0.0,0.0,0.0,1.0,0.0,1.0
NCT01865747,44,18,130,1,0.0,0.0,0.0,1.0,0.0,1.0
NCT01650805,33,18,130,1,0.0,0.0,0.0,1.0,0.0,1.0
NCT04269200,26,18,150,1,0.0,0.0,0.0,1.0,0.0,2.0
NCT01265849,54,18,130,2,0.0,0.0,0.0,1.0,0.0,2.0
NCT01599754,16,18,130,1,0.0,0.0,1.0,0.0,0.0,1.0
NCT01454934,13,18,130,1,0.0,0.0,0.0,1.0,0.0,1.0
NCT03038100,55,18,130,3,0.0,0.0,1.0,0.0,0.0,1.0
NCT02246621,46,18,130,1,0.0,0.0,1.0,0.0,0.0,1.0
NCT04572243,16,2,130,1,0.0,0.0,1.0,0.0,0.0,1.0
NCT00139841,17,18,130,1,0.0,0.0,0.0,0.0,0.0,1.0
NCT01946204,114,18,130,1,0.0,0.0,1.0,0.0,0.0,1.0
NCT01847274,44,18,130,2,0.0,0.0,1.0,1.0,0.0,0.0
NCT04793958,58,18,130,2,0.0,0.0,0.0,1.0,0.0,1.0
NCT02003924,63,18,130,3,0.0,0.0,0.0,0.0,1.0,1.0
NCT00375674,146,18,130,1,0.0,0.0,1.0,0.0,0.0,1.0
NCT03937219,43,18,130,1,0.0,0.0,0.0,1.0,0.0,1.0
NCT01327885,32,18,130,1,0.0,0.0,0.0,1.0,0.0,1.0
NCT00785785,51,18,130,1,0.0,0.0,0.0,1.0,0.0,1.0
NCT01223027,33,18,130,1,0.0,0.0,0.0,1.0,0.0,1.0
NCT00281658,78,18,130,1,0.0,2.0,0.0,1.0,0.0,1.0
NCT00424255,66,18,70,1,0.0,0.0,1.0,0.0,0.0,1.0
NCT03596866,33,18,130,1,0.0,0.0,0.0,1.0,0.0,1.0
NCT02422615,43,18,130,1,0.0,0.0,1.0,0.0,0.0,1.0
NCT01437787,29,18,130,1,0.0,0.0,1.0,0.0,0.0,2.0
NCT01265901,31,18,130,1,0.0,0.0,0.0,1.0,0.0,1.0
NCT00878709,56,18,130,1,0.0,0.0,1.0,0.0,0.0,1.0
NCT00651261,286,18,59,1,0.0,0.0,0.0,1.0,0.0,1.0
NCT01761266,51,18,130,1,0.0,0.0,0.0,2.0,0.0,0.0
NCT02075840,102,18,130,1,0.0,0.0,0.0,1.0,0.0,1.0
NCT03273153,31,18,130,1,0.0,0.0,0.0,1.0,0.0,1.0
NCT02296125,43,18,100,1,0.0,0.0,0.0,1.0,0.0,1.0
NCT02000622,55,18,99,3,0.0,0.0,0.0,1.0,0.0,1.0
NCT01828099,50,18,100,1,0.0,0.0,0.0,1.0,0.0,1.0
NCT01077154,93,18,130,1,0.0,0.0,1.0,0.0,0.0,1.0
NCT01999673,61,18,130,7,0.0,0.0,1.0,0.0,0.0,1.0
NCT01813253,11,20,130,2,0.0,0.0,0.0,1.0,0.0,1.0
NCT02134015,16,20,130,2,0.0,0.0,0.0,0.0,0.0,2.0
NCT01945775,100,18,130,3,0.0,0.0,0.0,1.0,0.0,1.0
NCT01555710,13,18,130,1,0.0,0.0,0.0,1.0,0.0,1.0
NCT01774721,22,18,99,1,0.0,0.0,0.0,1.0,0.0,1.0
NCT03125902,70,18,130,1,0.0,0.0,1.0,0.0,0.0,1.0
NCT01667562,67,18,130,1,1.0,0.0,0.0,0.0,0.0,1.0
NCT02390947,7,18,75,2,0.0,0.0,1.0,0.0,0.0,1.0
NCT02766140,6,18,70,1,0.0,0.0,1.0,0.0,0.0,1.0
NCT02322281,23,18,130,1,0.0,0.0,0.0,1.0,0.0,2.0
NCT03095040,4,18,75,1,0.0,0.0,0.0,1.0,0.0,2.0
NCT01829711,29,18,100,1,0.0,0.0,0.0,0.0,0.0,1.0
NCT02039726,75,18,130,1,0.0,0.0,0.0,1.0,0.0,1.0
NCT01280565,9,18,130,1,0.0,0.0,0.0,1.0,0.0,1.0
NCT02470585,30,18,130,2,0.0,0.0,0.0,1.0,0.0,2.0
NCT02106546,27,18,99,1,0.0,0.0,1.0,0.0,0.0,1.0
NCT02163694,36,18,130,1,0.0,0.0,0.0,1.0,0.0,1.0
NCT02481830,79,18,130,1,0.0,0.0,0.0,2.0,0.0,1.0
NCT01933932,64,18,130,1,0.0,0.0,0.0,0.0,0.0,2.0
NCT02340221,64,18,130,1,0.0,0.0,1.0,0.0,0.0,1.0
NCT01673867,70,18,130,1,0.0,0.0,0.0,1.0,0.0,1.0
NCT01000025,41,18,130,1,0.0,0.0,1.0,1.0,0.0,0.0
NCT02718417,48,18,130,1,0.0,0.0,0.0,1.0,0.0,2.0
NCT03141177,59,18,130,1,0.0,0.0,0.0,1.0,0.0,2.0
NCT01402908,18,18,130,3,0.0,0.0,1.0,0.0,0.0,1.0
NCT01924533,44,18,99,1,0.0,0.0,1.0,0.0,0.0,1.0
NCT02184195,62,18,130,2,0.0,0.0,1.0,0.0,0.0,1.0
NCT02449239,40,18,130,1,0.0,0.0,0.0,0.0,0.0,1.0
NCT01909453,50,18,130,1,0.0,0.0,0.0,1.0,0.0,3.0
NCT01772472,161,18,130,1,0.0,0.0,0.0,1.0,0.0,1.0
NCT02302807,53,18,130,1,0.0,0.0,0.0,1.0,0.0,1.0
NCT01303796,21,70,130,1,0.0,0.0,0.0,1.0,0.0,1.0
NCT02546102,29,18,130,1,0.0,0.0,1.0,0.0,0.0,1.0
NCT01968213,40,18,130,3,0.0,0.0,1.0,0.0,0.0,1.0
NCT01707992,48,18,55,1,1.0,0.0,1.0,0.0,0.0,4.0
NCT01844986,77,18,130,7,0.0,0.0,1.0,0.0,0.0,1.0
NCT01874353,72,18,130,4,0.0,0.0,1.0,0.0,0.0,1.0
NCT02987543,39,18,130,1,0.0,0.0,0.0,1.0,0.0,1.0
NCT02821416,37,18,65,1,0.0,0.0,1.0,0.0,0.0,1.0
NCT00364351,39,18,130,1,0.0,0.0,0.0,1.0,0.0,1.0
NCT01696084,31,60,75,1,0.0,0.0,0.0,1.0,0.0,1.0
NCT02256436,44,18,130,1,0.0,0.0,0.0,1.0,0.0,1.0
NCT02421939,96,18,130,1,0.0,0.0,0.0,1.0,0.0,1.0
NCT02004522,63,18,130,2,0.0,0.0,0.0,1.0,0.0,1.0
NCT02702401,52,18,130,1,0.0,0.0,1.0,0.0,0.0,1.0
NCT02142738,49,18,130,1,0.0,0.0,0.0,5.0,0.0,1.0
NCT00673049,94,18,130,4,0.0,0.0,0.0,1.0,0.0,1.0
NCT02775435,54,18,130,1,0.0,0.0,0.0,1.0,0.0,1.0
NCT01232556,58,18,130,1,0.0,0.0,0.0,1.0,0.0,1.0
NCT01332968,159,18,130,1,0.0,0.0,0.0,1.0,0.0,1.0
NCT01578499,23,18,130,3,0.0,0.0,0.0,1.0,0.0,1.0
NCT01712490,36,18,130,1,0.0,0.0,0.0,1.0,0.0,1.0
NCT03390504,87,18,130,1,0.0,0.0,0.0,0.0,0.0,4.0
NCT02388906,79,15,130,1,0.0,0.0,0.0,0.0,0.0,2.0
NCT01746979,11,18,130,1,0.0,0.0,1.0,1.0,0.0,0.0
NCT01956812,45,18,130,2,0.0,0.0,0.0,1.0,0.0,1.0
NCT02578680,56,18,130,1,0.0,0.0,0.0,1.0,0.0,1.0
NCT00565851,1169,18,130,25,0.0,0.0,0.0,1.0,0.0,3.0
NCT02105636,67,18,130,1,0.0,0.0,0.0,1.0,0.0,1.0
NCT01662869,124,18,130,1,0.0,0.0,1.0,0.0,0.0,1.0
NCT00789828,46,0,130,2,0.0,0.0,1.0,0.0,0.0,1.0
NCT01722487,75,65,130,2,0.0,0.0,0.0,1.0,0.0,1.0
NCT03262935,43,18,130,1,0.0,0.0,0.0,1.0,0.0,1.0
NCT01479244,54,18,130,1,0.0,0.0,0.0,1.0,0.0,1.0
NCT01524783,38,18,130,3,0.0,0.0,1.0,0.0,0.0,1.0
NCT03504410,38,50,130,1,0.0,0.0,0.0,1.0,0.0,1.0
NCT01482962,29,18,130,2,0.0,0.0,0.0,1.0,0.0,1.0
NCT00861614,75,18,130,1,0.0,0.0,1.0,1.0,0.0,0.0
NCT03268954,48,18,130,3,0.0,0.0,0.0,0.0,0.0,2.0
NCT02993731,21,18,130,1,0.0,0.0,0.0,1.0,0.0,1.0
NCT02629848,1,18,130,1,0.0,0.0,1.0,0.0,0.0,1.0
NCT01757535,82,55,130,1,0.0,0.0,1.0,0.0,0.0,1.0
NCT03051607,9,30,80,1,0.0,0.0,0.0,0.0,0.0,1.0
NCT04335006,3,18,70,2,0.0,0.0,0.0,1.0,0.0,2.0
NCT02200614,77,18,130,2,0.0,0.0,1.0,0.0,0.0,1.0
NCT03447769,112,18,130,1,0.0,0.0,1.0,0.0,0.0,1.0
NCT03626545,74,18,130,1,0.0,0.0,1.0,0.0,0.0,2.0
NCT01767857,18,18,130,1,0.0,0.0,1.0,0.0,0.0,1.0
NCT02274766,17,30,85,3,0.0,0.0,1.0,0.0,0.0,1.0
NCT02826161,11,18,130,1,0.0,0.0,0.0,1.0,0.0,1.0
NCT00974974,52,30,130,1,0.0,0.0,0.0,1.0,0.0,1.0
NCT00627640,15,30,80,1,0.0,0.0,1.0,0.0,0.0,1.0
NCT02252172,99,18,130,1,0.0,0.0,0.0,2.0,0.0,0.0
NCT01568073,8,30,83,1,0.0,0.0,1.0,1.0,0.0,1.0
NCT01610284,58,18,130,1,0.0,0.0,1.0,0.0,0.0,1.0
NCT01849874,56,18,130,3,0.0,0.0,0.0,1.0,0.0,1.0
NCT03834506,100,18,130,1,0.0,0.0,1.0,0.0,0.0,1.0
NCT01722331,42,18,130,1,0.0,0.0,1.0,0.0,0.0,2.0
NCT01630733,23,18,130,1,0.0,0.0,0.0,1.0,0.0,1.0
NCT01636687,9,18,130,1,0.0,0.0,1.0,0.0,0.0,2.0
NCT03986424,38,50,85,1,0.0,0.0,0.0,1.0,0.0,1.0
NCT02672852,23,18,130,1,0.0,0.0,1.0,0.0,0.0,1.0
NCT04928846,267,18,130,1,0.0,0.0,0.0,1.0,0.0,1.0
NCT03834493,128,18,130,1,0.0,0.0,1.0,0.0,0.0,1.0
NCT02445807,8,18,130,1,0.0,0.0,1.0,0.0,0.0,1.0
NCT02346240,40,18,130,2,0.0,0.0,1.0,1.0,0.0,2.0
NCT02264990,26,18,130,1,0.0,0.0,0.0,1.0,0.0,1.0
NCT01708629,20,18,75,1,0.0,0.0,1.0,1.0,0.0,2.0
NCT01875003,62,12,17,1,0.0,0.0,1.0,0.0,0.0,2.0
NCT02588261,24,18,130,1,0.0,0.0,0.0,1.0,0.0,1.0
NCT01798485,70,18,130,4,0.0,0.0,0.0,1.0,0.0,1.0
NCT03789604,9,18,75,1,0.0,0.0,1.0,0.0,0.0,1.0
NCT02797080,7,11,27,1,0.0,0.0,0.0,0.0,0.0,1.0
NCT02152631,69,18,130,1,0.0,0.0,0.0,1.0,0.0,1.0
NCT01090427,61,12,18,1,0.0,0.0,0.0,0.0,0.0,3.0
NCT04305327,21,12,17,1,0.0,0.0,2.0,1.0,0.0,1.0
NCT03906071,52,18,130,1,0.0,0.0,0.0,1.0,0.0,1.0
NCT02767804,33,18,130,1,0.0,0.0,0.0,1.0,0.0,1.0
NCT01377376,13,20,130,1,0.0,0.0,1.0,0.0,0.0,1.0
NCT02606760,10,18,80,1,0.0,0.0,1.0,0.0,0.0,1.0
NCT01947491,22,18,130,1,0.0,0.0,2.0,1.0,0.0,1.0
NCT01987960,9,18,65,2,0.0,0.0,1.0,0.0,0.0,1.0
NCT00042068,13,18,80,1,0.0,0.0,0.0,0.0,0.0,0.0
NCT02760407,16,18,130,1,0.0,0.0,1.0,1.0,0.0,2.0
NCT01856309,59,18,130,1,0.0,0.0,0.0,0.0,0.0,2.0
NCT01377012,15,18,130,1,0.0,0.0,1.0,0.0,0.0,2.0
NCT01234311,36,18,130,1,0.0,0.0,1.0,0.0,0.0,1.0
NCT02438007,15,18,130,1,0.0,0.0,0.0,1.0,0.0,1.0
NCT02048813,946,18,70,3,0.0,0.0,0.0,1.0,0.0,1.0
NCT04844749,75,18,100,2,0.0,0.0,0.0,1.0,0.0,1.0
NCT01183780,52,18,130,1,0.0,0.0,1.0,0.0,0.0,1.0
NCT00399035,49,18,130,1,0.0,0.0,2.0,0.0,0.0,2.0
NCT01001377,75,18,130,1,0.0,0.0,0.0,1.0,0.0,1.0
NCT02077868,42,18,130,1,0.0,1.0,0.0,0.0,0.0,1.0
NCT02605044,6,18,130,1,0.0,0.0,1.0,0.0,0.0,1.0
NCT02870582,9,18,75,1,0.0,0.0,1.0,0.0,0.0,1.0
NCT02016482,15,18,99,2,0.0,0.0,1.0,1.0,0.0,0.0
NCT02149108,42,18,130,1,0.0,0.0,1.0,0.0,0.0,1.0
NCT04053387,16,18,75,1,0.0,0.0,0.0,0.0,0.0,1.0
NCT03686683,46,18,130,1,1.0,0.0,0.0,0.0,0.0,1.0
NCT02319837,79,18,130,3,0.0,0.0,0.0,1.0,0.0,2.0
NCT01309126,36,18,130,1,0.0,0.0,0.0,1.0,0.0,1.0
NCT01875653,19,18,130,2,0.0,0.0,0.0,1.0,0.0,1.0
NCT01866319,44,18,130,1,0.0,0.0,0.0,1.0,0.0,2.0
NCT01689519,113,18,130,1,0.0,0.0,0.0,1.0,0.0,1.0
NCT01958021,67,18,100,1,0.0,0.0,1.0,0.0,0.0,1.0
NCT02967692,103,18,100,1,0.0,0.0,1.0,0.0,0.0,3.0
NCT02288897,51,18,130,1,0.0,0.0,0.0,1.0,0.0,1.0
NCT04322539,15,18,130,2,0.0,0.0,1.0,0.0,0.0,1.0
NCT02678572,22,18,130,1,0.0,0.0,0.0,0.0,0.0,1.0
NCT02151981,42,18,130,1,0.0,0.0,0.0,1.0,0.0,1.0
NCT02905331,20,18,130,1,0.0,0.0,0.0,0.0,0.0,2.0
NCT02462083,6,18,130,1,0.0,0.0,0.0,0.0,0.0,1.0
NCT01866163,10,18,130,1,0.0,0.0,1.0,0.0,0.0,1.0
NCT00876395,42,18,130,1,0.0,0.0,1.0,0.0,0.0,1.0
NCT02267135,9,18,130,1,0.0,0.0,1.0,0.0,0.0,1.0
NCT02008890,10,18,130,1,0.0,0.0,1.0,0.0,0.0,2.0
NCT01807520,17,18,130,1,0.0,0.0,1.0,0.0,0.0,2.0
NCT03668613,23,6,17,1,0.0,0.0,0.0,0.0,0.0,2.0
NCT03897088,22,18,130,1,1.0,0.0,1.0,0.0,0.0,1.0
NCT03701763,48,6,17,1,0.0,0.0,1.0,0.0,0.0,2.0
NCT03777436,30,18,130,1,0.0,0.0,0.0,0.0,0.0,2.0
NCT02629159,26,18,130,1,0.0,0.0,1.0,1.0,0.0,1.0
NCT01939223,29,18,130,1,0.0,0.0,1.0,0.0,0.0,1.0
NCT04009317,2,18,75,1,0.0,0.0,0.0,1.0,0.0,1.0
NCT03134872,7,18,70,9,0.0,0.0,0.0,1.0,0.0,1.0
NCT03668496,2,18,75,4,0.0,0.0,0.0,1.0,0.0,1.0
NCT04203485,2,18,70,1,0.0,0.0,0.0,1.0,0.0,2.0
NCT02367781,43,18,130,1,0.0,0.0,0.0,1.0,0.0,1.0
NCT03866993,3,18,75,2,0.0,0.0,1.0,0.0,0.0,1.0
NCT03274492,58,18,80,1,0.0,0.0,1.0,0.0,0.0,1.0
NCT04182204,47,18,130,1,0.0,0.0,0.0,1.0,0.0,2.0
NCT03773302,29,18,130,2,0.0,0.0,0.0,1.0,0.0,1.0
NCT02263508,56,18,95,1,0.0,0.0,1.0,0.0,0.0,2.0
NCT01579188,2,18,130,1,0.0,0.0,1.0,0.0,0.0,1.0
NCT01887886,70,18,130,1,0.0,0.0,0.0,1.0,0.0,1.0
NCT00322452,12,18,130,1,0.0,0.0,0.0,1.0,0.0,1.0
NCT00779402,12,18,80,1,0.0,0.0,1.0,0.0,0.0,1.0
NCT03750786,70,18,130,1,0.0,0.0,0.0,1.0,0.0,1.0
NCT02908672,51,18,130,1,0.0,0.0,0.0,0.0,0.0,2.0
NCT01607957,14,18,130,1,0.0,0.0,1.0,0.0,0.0,1.0
NCT02511106,53,18,130,1,0.0,0.0,1.0,0.0,0.0,1.0
NCT01345682,82,18,130,2,0.0,0.0,0.0,1.0,0.0,1.0
NCT02489318,108,18,130,1,0.0,0.0,0.0,0.0,0.0,2.0
NCT02615873,16,30,100,1,0.0,0.0,0.0,0.0,0.0,1.0
NCT03329508,33,35,80,2,0.0,0.0,0.0,1.0,0.0,3.0
NCT00360568,26,30,130,3,0.0,0.0,0.0,0.0,0.0,1.0
NCT03670953,44,40,130,1,0.0,0.0,0.0,2.0,0.0,2.0
NCT04379050,11,30,130,1,0.0,0.0,0.0,0.0,0.0,1.0
NCT03025308,56,18,130,1,0.0,0.0,0.0,0.0,0.0,4.0
NCT00641537,11,18,65,1,3.0,0.0,2.0,0.0,0.0,3.0
NCT02634307,31,18,65,1,0.0,0.0,0.0,0.0,0.0,1.0
NCT00955526,5,20,130,1,0.0,0.0,1.0,0.0,0.0,2.0
NCT01014208,159,18,130,1,0.0,0.0,0.0,1.0,0.0,1.0
NCT03349710,28,18,130,1,0.0,0.0,0.0,0.0,0.0,4.0
NCT02541383,6,18,65,1,1.0,1.0,0.0,0.0,0.0,2.0
NCT03452137,71,18,130,1,0.0,0.0,0.0,1.0,0.0,1.0
NCT00085709,346,18,60,1,0.0,1.0,0.0,2.0,0.0,1.0
NCT02224560,11,2,55,2,0.0,0.0,1.0,0.0,0.0,2.0
NCT00761774,66,16,130,1,0.0,0.0,0.0,0.0,0.0,1.0
NCT01389596,78,4,16,1,0.0,0.0,1.0,0.0,0.0,2.0
NCT02072824,68,0,3,1,0.0,0.0,1.0,0.0,0.0,2.0
NCT02519439,7,18,130,1,0.0,0.0,0.0,0.0,0.0,1.0
NCT04391569,27,12,130,1,0.0,0.0,1.0,0.0,0.0,1.0
NCT03572933,17,2,21,1,0.0,0.0,1.0,0.0,0.0,1.0
NCT01393743,14,12,130,1,0.0,0.0,1.0,0.0,0.0,1.0
NCT03739840,54,18,130,2,0.0,0.0,1.0,0.0,0.0,3.0
NCT02823145,16,2,35,1,0.0,0.0,0.0,0.0,0.0,1.0
NCT03864614,23,18,75,1,0.0,0.0,0.0,0.0,0.0,1.0
NCT04371666,30,12,130,1,0.0,0.0,1.0,0.0,0.0,1.0
NCT00310375,23,18,75,1,0.0,0.0,0.0,0.0,0.0,1.0
NCT04128696,52,18,130,1,0.0,0.0,0.0,1.0,0.0,1.0
NCT00629551,6,18,65,1,0.0,0.0,1.0,1.0,0.0,2.0
NCT00531622,6,18,65,1,0.0,0.0,1.0,1.0,0.0,1.0
NCT02450331,73,18,130,1,1.0,0.0,0.0,0.0,0.0,1.0
NCT03353753,39,18,130,1,0.0,0.0,1.0,1.0,0.0,0.0
NCT02417064,49,18,64,1,0.0,0.0,0.0,1.0,0.0,2.0
NCT02951988,26,18,65,1,0.0,0.0,1.0,0.0,0.0,2.0
NCT03675776,12,18,75,1,0.0,0.0,1.0,0.0,0.0,2.0
NCT02041533,90,18,130,1,0.0,0.0,0.0,1.0,0.0,1.0
NCT04000009,20,18,130,1,0.0,0.0,0.0,0.0,0.0,1.0
NCT01360632,9,18,65,5,0.0,0.0,1.0,0.0,0.0,1.0
NCT03610048,9,18,72,1,0.0,0.0,0.0,0.0,0.0,1.0
NCT04853407,3,18,65,1,0.0,0.0,1.0,0.0,0.0,2.0
NCT02046564,10,20,64,1,0.0,0.0,1.0,0.0,0.0,1.0
NCT02576509,82,18,130,1,0.0,0.0,0.0,1.0,0.0,1.0
NCT03110575,6,18,75,1,0.0,0.0,0.0,0.0,0.0,1.0
NCT01850524,34,18,130,1,0.0,0.0,1.0,1.0,0.0,0.0
NCT02516241,60,18,130,1,0.0,0.0,0.0,1.0,0.0,2.0
NCT02677896,71,18,130,1,0.0,0.0,1.0,0.0,0.0,2.0
NCT00744497,104,18,130,1,0.0,0.0,1.0,1.0,0.0,0.0
NCT02698475,47,6,11,1,0.0,0.0,0.0,0.0,0.0,1.0
NCT01290939,9,18,130,3,0.0,0.0,0.0,1.0,0.0,1.0
NCT03040999,94,18,130,1,0.0,0.0,1.0,0.0,0.0,1.0
NCT02611960,38,18,130,1,0.0,0.0,0.0,1.0,0.0,1.0
NCT02785900,17,18,130,1,0.0,0.0,0.0,1.0,0.0,1.0
NCT03997123,40,18,130,1,0.0,0.0,1.0,0.0,0.0,1.0
NCT01905592,71,18,130,6,0.0,0.0,0.0,1.0,0.0,1.0
NCT02255552,43,7,16,1,1.0,0.0,0.0,0.0,0.0,1.0
NCT02043678,115,18,130,1,0.0,0.0,1.0,0.0,0.0,1.0
NCT02492711,43,18,130,2,0.0,0.0,0.0,1.0,0.0,2.0
NCT03197935,48,18,130,1,0.0,0.0,1.0,0.0,0.0,1.0
NCT03726879,59,18,130,1,0.0,0.0,1.0,0.0,0.0,1.0
NCT03588091,3,18,75,1,0.0,0.0,1.0,0.0,0.0,1.0
NCT02482753,11,18,75,1,0.0,0.0,1.0,0.0,0.0,2.0
NCT02574455,43,18,130,1,0.0,0.0,0.0,1.0,0.0,1.0
NCT03901339,36,18,130,1,0.0,0.0,0.0,1.0,0.0,1.0
NCT01808573,46,18,130,1,0.0,0.0,0.0,1.0,0.0,1.0
NCT01343277,52,15,130,1,0.0,0.0,0.0,1.0,0.0,1.0
NCT03520959,7,12,130,5,0.0,0.0,1.0,0.0,0.0,1.0
NCT01410565,10,18,130,1,0.0,0.0,1.0,1.0,0.0,0.0
NCT00098475,136,18,130,3,0.0,0.0,0.0,2.0,0.0,2.0
NCT03495921,30,2,130,13,0.0,1.0,0.0,1.0,0.0,1.0
NCT04208178,32,18,100,1,0.0,0.0,1.0,0.0,0.0,2.0
NCT03673501,30,18,130,1,0.0,0.0,0.0,1.0,0.0,1.0
NCT03371017,83,18,130,1,0.0,0.0,1.0,0.0,0.0,1.0
NCT05043402,4,18,130,3,0.0,0.0,0.0,1.0,0.0,2.0
NCT02032823,74,18,130,1,0.0,0.0,1.0,0.0,0.0,1.0
NCT02402712,35,18,130,1,0.0,0.0,0.0,0.0,0.0,1.0
NCT02634801,15,18,130,1,0.0,0.0,0.0,2.0,0.0,1.0
NCT01308580,60,18,130,1,0.0,0.0,0.0,0.0,0.0,2.0
NCT00272987,39,18,130,1,0.0,0.0,0.0,0.0,0.0,3.0
NCT03016312,50,18,130,1,0.0,0.0,0.0,1.0,0.0,1.0
NCT02799602,79,18,130,1,0.0,0.0,1.0,0.0,0.0,1.0
NCT03072238,57,18,130,1,0.0,0.0,0.0,1.0,0.0,1.0
NCT02793128,47,18,130,2,0.0,0.0,0.0,0.0,0.0,1.0
NCT02257736,95,18,130,1,0.0,0.0,1.0,0.0,0.0,1.0
NCT03651128,30,18,130,1,0.0,0.0,0.0,0.0,0.0,2.0
NCT01740427,75,18,130,1,0.0,0.0,0.0,1.0,0.0,1.0
NCT03745716,18,18,130,1,0.0,0.0,0.0,0.0,0.0,2.0
NCT04313881,41,18,130,1,0.0,0.0,1.0,0.0,0.0,1.0
NCT02562443,135,18,81,4,0.0,0.0,0.0,1.0,0.0,1.0
NCT01015118,73,18,130,2,0.0,0.0,1.0,0.0,0.0,1.0
NCT02928224,60,18,130,1,0.0,0.0,0.0,1.0,0.0,2.0
NCT03522246,21,18,130,7,0.0,0.0,1.0,0.0,0.0,4.0
NCT02421588,34,18,130,1,0.0,0.0,0.0,1.0,0.0,1.0
NCT04000295,3,18,130,1,0.0,0.0,0.0,1.0,0.0,1.0
NCT04209855,104,18,130,3,0.0,0.0,0.0,1.0,0.0,1.0
NCT01281254,44,18,130,3,0.0,0.0,1.0,0.0,0.0,1.0
NCT01493505,57,18,130,3,0.0,0.0,1.0,1.0,0.0,0.0
NCT02426125,66,18,130,1,0.0,0.0,1.0,0.0,0.0,1.0
NCT01204749,70,18,130,3,0.0,0.0,1.0,0.0,0.0,1.0
NCT00849667,64,18,130,1,0.0,0.0,1.0,2.0,0.0,0.0
NCT03398655,37,18,130,1,0.0,0.0,0.0,1.0,0.0,1.0
NCT02631876,58,18,130,4,0.0,0.0,0.0,0.0,0.0,2.0
NCT02592434,44,2,17,1,0.0,0.0,1.0,0.0,0.0,1.0
NCT02655016,39,18,130,1,0.0,0.0,1.0,0.0,0.0,1.0
NCT02282020,48,18,130,1,0.0,0.0,0.0,1.0,0.0,1.0
NCT03091192,41,18,130,8,0.0,0.0,0.0,1.0,0.0,1.0
NCT03465722,19,18,130,1,0.0,0.0,0.0,1.0,0.0,1.0
NCT02627963,21,18,130,1,0.0,0.0,0.0,1.0,0.0,1.0
NCT04195750,93,18,130,1,0.0,0.0,0.0,1.0,0.0,2.0
NCT02741570,69,18,130,1,0.0,0.0,0.0,1.0,0.0,1.0
NCT01582672,86,18,130,3,0.0,0.0,0.0,1.0,0.0,1.0
NCT03024996,61,18,130,1,0.0,0.0,1.0,0.0,0.0,1.0
NCT02420821,61,18,130,1,0.0,0.0,0.0,1.0,0.0,1.0
NCT03616470,51,18,75,1,0.0,0.0,1.0,0.0,0.0,1.0
NCT02049905,42,15,130,1,0.0,0.0,0.0,1.0,0.0,1.0
NCT03416179,148,18,130,1,0.0,0.0,2.0,0.0,0.0,2.0
NCT03729245,48,18,130,2,0.0,0.0,0.0,1.0,0.0,1.0
NCT04129502,34,18,130,1,0.0,0.0,0.0,1.0,0.0,1.0
NCT03260894,19,18,130,1,0.0,0.0,0.0,1.0,0.0,1.0
NCT01649856,126,18,80,1,0.0,0.0,0.0,1.0,0.0,1.0
NCT02811861,32,18,130,1,0.0,0.0,0.0,1.0,0.0,2.0
NCT02545504,26,18,130,1,0.0,0.0,1.0,0.0,0.0,1.0
NCT03224182,6,18,89,1,0.0,0.0,1.0,0.0,0.0,1.0
NCT01667419,107,18,130,1,0.0,0.0,2.0,0.0,0.0,2.0
NCT04527991,32,18,130,1,0.0,0.0,0.0,1.0,0.0,1.0
NCT02569242,17,20,130,1,0.0,0.0,0.0,1.0,0.0,1.0
NCT01200992,62,18,130,5,0.0,0.0,0.0,1.0,0.0,1.0
NCT03474107,128,18,130,3,0.0,0.0,0.0,1.0,0.0,2.0
NCT04223856,88,18,130,1,0.0,0.0,0.0,1.0,0.0,1.0
NCT02982395,4,20,130,1,0.0,0.0,0.0,1.0,0.0,1.0
NCT03631199,92,18,130,1,0.0,1.0,0.0,0.0,0.0,4.0
NCT02773849,38,18,130,1,0.0,0.0,0.0,0.0,0.0,1.0
NCT03732677,48,18,130,1,0.0,0.0,0.0,1.0,0.0,1.0
NCT01289028,15,18,130,1,0.0,0.0,0.0,0.0,0.0,1.0
NCT02178956,31,18,130,2,0.0,0.0,1.0,0.0,0.0,1.0
NCT01191801,25,18,130,1,0.0,0.0,1.0,0.0,0.0,1.0
NCT03189719,99,18,130,1,0.0,0.0,1.0,0.0,0.0,1.0
NCT02348489,35,18,130,1,0.0,0.0,0.0,1.0,0.0,1.0
NCT02920008,41,18,130,1,0.0,0.0,0.0,1.0,0.0,1.0
NCT02907359,57,18,130,2,0.0,0.0,0.0,1.0,0.0,1.0
NCT03173248,79,18,130,4,0.0,0.0,1.0,0.0,0.0,1.0
NCT02668653,26,18,75,2,0.0,0.0,0.0,1.0,0.0,1.0
NCT02577406,55,60,130,2,0.0,0.0,0.0,1.0,0.0,1.0
NCT02752035,104,18,130,2,0.0,0.0,0.0,1.0,0.0,3.0
NCT02997202,88,18,130,1,0.0,0.0,1.0,0.0,0.0,1.0
NCT02819518,75,18,130,1,0.0,0.0,0.0,1.0,0.0,4.0
NCT02131064,60,18,130,1,0.0,0.0,0.0,1.0,0.0,1.0
NCT01966471,99,18,130,1,0.0,0.0,0.0,1.0,0.0,1.0
NCT03834519,117,18,130,1,0.0,0.0,0.0,1.0,0.0,1.0
NCT03721172,25,18,130,1,0.0,0.0,0.0,0.0,0.0,3.0
NCT01655693,20,18,130,1,0.0,0.0,0.0,1.0,0.0,2.0
NCT04294810,44,18,130,1,0.0,0.0,1.0,0.0,0.0,1.0
NCT03088540,22,18,130,4,0.0,0.0,0.0,1.0,0.0,1.0
NCT03515629,9,18,130,1,0.0,0.0,0.0,1.0,0.0,2.0
NCT04333147,20,18,130,1,0.0,0.0,0.0,0.0,0.0,2.0
NCT04237116,16,18,130,2,0.0,0.0,1.0,0.0,0.0,1.0
NCT00636168,116,18,130,1,0.0,0.0,1.0,1.0,0.0,0.0
NCT04099251,59,12,130,1,0.0,0.0,1.0,0.0,0.0,1.0
NCT03068455,29,12,130,1,0.0,0.0,0.0,0.0,0.0,2.0
NCT01721772,55,18,130,1,0.0,0.0,0.0,1.0,0.0,1.0
NCT01640808,9,20,130,1,0.0,0.0,1.0,0.0,0.0,1.0
NCT03820986,105,18,130,1,0.0,0.0,0.0,1.0,0.0,1.0
NCT03553836,97,12,130,1,0.0,0.0,1.0,0.0,0.0,1.0
NCT02753127,25,18,130,1,0.0,0.0,0.0,1.0,0.0,1.0
NCT00471497,44,18,130,1,0.0,0.0,0.0,0.0,0.0,3.0
NCT00824265,148,18,130,1,0.0,0.0,0.0,1.0,0.0,1.0
NCT02117479,13,18,130,1,0.0,0.0,0.0,1.0,0.0,1.0
NCT03277105,77,18,130,1,0.0,0.0,0.0,1.0,0.0,1.0
NCT04776148,39,18,130,1,0.0,0.0,0.0,1.0,0.0,1.0
NCT01290783,10,18,130,1,0.0,0.0,0.0,1.0,0.0,1.0
NCT02755597,24,18,99,1,0.0,0.0,1.0,0.0,0.0,1.0
NCT02563002,67,18,130,1,0.0,0.0,0.0,1.0,0.0,1.0
NCT02989857,34,18,130,2,0.0,0.0,1.0,1.0,0.0,1.0
NCT01980888,20,18,130,1,0.0,0.0,1.0,0.0,0.0,1.0
NCT02082522,73,18,130,1,0.0,0.0,0.0,1.0,0.0,1.0
NCT04266301,113,18,100,2,0.0,0.0,1.0,0.0,0.0,1.0
NCT03855384,2,18,130,1,0.0,0.0,1.0,0.0,0.0,1.0
NCT01077518,140,18,130,1,0.0,0.0,0.0,1.0,0.0,1.0
NCT03493854,29,18,130,1,0.0,0.0,0.0,1.0,0.0,1.0
NCT03345823,24,18,75,1,0.0,0.0,0.0,0.0,0.0,9.0
NCT02578641,46,18,130,1,0.0,0.0,0.0,1.0,0.0,1.0
NCT03689712,14,18,130,1,0.0,0.0,1.0,0.0,0.0,1.0
NCT02630264,1,18,70,1,0.0,0.0,0.0,0.0,0.0,2.0
NCT03358472,16,18,130,1,0.0,0.0,0.0,1.0,0.0,2.0
NCT04590963,34,18,130,1,0.0,0.0,0.0,1.0,0.0,1.0
NCT02369874,53,18,96,1,0.0,0.0,0.0,1.0,0.0,2.0
NCT02726581,69,18,130,1,0.0,0.0,0.0,1.0,0.0,2.0
NCT02760433,18,18,130,1,0.0,0.0,1.0,0.0,0.0,2.0
NCT01080391,39,18,130,1,0.0,0.0,0.0,1.0,0.0,1.0
NCT01568866,41,18,130,1,0.0,0.0,0.0,1.0,0.0,1.0
NCT02936037,25,18,65,1,0.0,0.0,1.0,0.0,0.0,1.0
NCT01855750,76,18,130,1,0.0,0.0,1.0,0.0,0.0,1.0
NCT04404283,108,18,130,1,0.0,0.0,0.0,1.0,0.0,1.0
NCT01889069,60,18,80,1,0.0,0.0,0.0,0.0,0.0,1.0
NCT01564537,45,18,130,2,0.0,0.0,1.0,0.0,0.0,1.0
NCT03391466,57,18,130,1,0.0,0.0,0.0,1.0,0.0,1.0
NCT02412878,18,18,130,1,0.0,0.0,0.0,0.0,0.0,2.0
NCT03498716,80,18,130,1,0.0,0.0,0.0,1.0,0.0,1.0
NCT03306264,35,18,130,3,0.0,0.0,0.0,0.0,0.0,4.0
NCT03690388,37,16,130,1,0.0,0.0,1.0,0.0,0.0,1.0
NCT00114101,293,18,70,5,0.0,0.0,1.0,0.0,0.0,1.0
NCT05028582,9,12,130,1,0.0,0.0,1.0,1.0,0.0,0.0
NCT03110562,37,18,130,1,0.0,0.0,0.0,0.0,0.0,4.0
NCT04164901,30,12,130,3,0.0,0.0,1.0,0.0,0.0,1.0
NCT01818752,32,18,130,1,0.0,0.0,0.0,1.0,0.0,1.0
NCT02195479,90,18,130,1,0.0,0.0,0.0,1.0,0.0,1.0
NCT02076009,100,18,130,1,0.0,0.0,0.0,1.0,0.0,1.0
NCT02136134,93,18,130,1,0.0,0.0,0.0,1.0,0.0,1.0
NCT01335399,114,18,130,1,0.0,0.0,0.0,1.0,0.0,1.0
NCT02665065,26,55,130,9,0.0,0.0,0.0,1.0,0.0,1.0
NCT03512197,93,18,130,1,0.0,0.0,1.0,0.0,0.0,1.0
NCT03869892,14,18,130,1,0.0,0.0,0.0,1.0,0.0,1.0
NCT01360853,20,18,130,1,0.0,0.0,0.0,1.0,0.0,1.0
NCT02589821,14,18,130,1,0.0,0.0,1.0,0.0,0.0,1.0
NCT03126435,26,18,130,3,0.0,0.0,0.0,1.0,0.0,1.0
NCT02043288,8,20,80,1,0.0,0.0,0.0,1.0,0.0,1.0
NCT02446899,19,18,70,1,0.0,0.0,1.0,0.0,0.0,1.0
NCT04851873,29,0,17,1,0.0,0.0,0.0,0.0,0.0,1.0
NCT04935359,36,18,100,1,0.0,0.0,1.0,0.0,0.0,2.0
NCT03611751,35,18,130,1,0.0,0.0,1.0,1.0,0.0,1.0
NCT03556202,91,18,130,1,0.0,0.0,0.0,0.0,0.0,3.0
NCT01139580,8,12,130,1,0.0,0.0,1.0,0.0,0.0,1.0
NCT02923921,89,18,130,1,0.0,0.0,0.0,1.0,0.0,1.0
NCT03941093,46,18,130,1,0.0,0.0,1.0,0.0,0.0,1.0
NCT04083235,50,18,130,1,0.0,0.0,0.0,1.0,0.0,1.0
NCT02715804,42,18,130,1,0.0,0.0,1.0,0.0,0.0,1.0
NCT03766295,7,18,130,1,0.0,0.0,0.0,1.0,0.0,1.0
NCT01964430,53,18,130,10,0.0,0.0,0.0,1.0,0.0,1.0
NCT02500043,18,18,130,1,0.0,0.0,0.0,0.0,0.0,2.0
NCT01836432,42,18,130,3,0.0,0.0,0.0,2.0,0.0,2.0
NCT01444092,21,5,17,1,0.0,0.0,0.0,0.0,0.0,1.0
NCT03653507,108,18,130,4,0.0,0.0,1.0,0.0,0.0,1.0
NCT04185649,1,18,75,1,0.0,0.0,0.0,1.0,0.0,1.0
NCT04342910,3,18,130,1,0.0,0.0,0.0,1.0,0.0,1.0
NCT02322593,15,20,130,1,0.0,0.0,0.0,1.0,0.0,1.0
NCT02545283,61,18,130,1,0.0,0.0,1.0,0.0,0.0,1.0
NCT03221426,134,18,130,2,0.0,0.0,2.0,0.0,0.0,2.0
NCT03615326,130,18,130,2,0.0,0.0,0.0,1.0,0.0,3.0
NCT03675737,115,18,130,1,0.0,0.0,0.0,1.0,0.0,1.0
NCT01285557,22,18,130,1,0.0,0.0,0.0,1.0,0.0,1.0
NCT02370498,42,18,130,2,0.0,0.0,0.0,1.0,0.0,1.0
NCT03434379,63,18,130,1,0.0,0.0,0.0,1.0,0.0,1.0
NCT01755767,24,18,130,1,0.0,0.0,2.0,0.0,0.0,2.0
NCT00908752,128,18,130,1,0.0,0.0,1.0,1.0,0.0,0.0
NCT05089734,29,18,130,1,0.0,0.0,0.0,1.0,0.0,1.0
NCT01876784,34,18,130,1,0.0,0.0,1.0,0.0,0.0,1.0
NCT04340193,32,18,130,1,0.0,0.0,0.0,1.0,0.0,2.0
NCT01602380,53,18,130,1,0.0,0.0,0.0,1.0,0.0,1.0
NCT03713593,69,18,130,1,0.0,0.0,0.0,1.0,0.0,1.0
NCT03298451,49,18,100,1,0.0,0.0,0.0,1.0,0.0,3.0
NCT02312258,18,18,130,1,0.0,0.0,1.0,0.0,0.0,1.0
NCT00901901,50,18,130,1,0.0,0.0,0.0,1.0,0.0,1.0
NCT02352948,43,18,130,1,0.0,0.0,0.0,2.0,0.0,4.0
NCT01194570,142,18,55,1,0.0,0.0,1.0,0.0,0.0,1.0
NCT04411641,32,18,60,1,0.0,0.0,1.0,0.0,0.0,1.0
NCT03302234,80,18,130,1,0.0,0.0,0.0,1.0,0.0,1.0
NCT01241500,40,18,130,4,1.0,0.0,0.0,0.0,0.0,1.0
NCT02130557,27,18,130,1,0.0,0.0,0.0,1.0,0.0,1.0
NCT02242942,73,18,130,1,0.0,0.0,0.0,0.0,0.0,3.0
NCT02005471,102,18,130,1,0.0,0.0,0.0,1.0,0.0,3.0
NCT01039376,154,0,130,1,0.0,1.0,0.0,0.0,0.0,1.0
NCT03097133,32,18,64,1,0.0,0.0,1.0,0.0,0.0,1.0
NCT04442503,19,18,45,1,0.0,0.0,1.0,0.0,0.0,1.0
NCT03569475,18,7,17,1,0.0,0.0,1.0,1.0,0.0,1.0
NCT03539744,89,18,130,1,0.0,0.0,0.0,1.0,0.0,1.0
NCT03158688,41,18,130,2,0.0,0.0,0.0,1.0,0.0,1.0
NCT04199104,124,18,130,1,0.0,0.0,0.0,1.0,0.0,1.0
NCT00773747,51,18,130,1,0.0,0.0,1.0,0.0,0.0,1.0
NCT04666038,35,18,130,2,0.0,0.0,0.0,1.0,0.0,1.0
NCT03524092,104,18,80,1,0.0,4.0,1.0,0.0,0.0,1.0
NCT03581786,8,18,75,1,0.0,0.0,1.0,0.0,0.0,1.0
NCT00372593,349,0,29,1,0.0,0.0,0.0,2.0,0.0,1.0
NCT04745832,33,18,130,3,0.0,0.0,0.0,0.0,0.0,2.0
NCT01980875,25,18,130,1,0.0,0.0,0.0,1.0,0.0,2.0
NCT01659021,35,18,130,1,0.0,0.0,0.0,1.0,0.0,1.0
NCT02596893,36,18,130,1,0.0,0.0,1.0,0.0,0.0,3.0
NCT01905943,84,18,130,1,0.0,0.0,0.0,0.0,0.0,1.0
NCT01569295,36,18,130,1,0.0,0.0,1.0,0.0,0.0,1.0
NCT02425644,40,18,55,1,0.0,0.0,0.0,1.0,0.0,1.0
NCT03319667,55,18,80,1,0.0,1.0,0.0,1.0,0.0,1.0
NCT01200589,160,18,130,1,0.0,0.0,0.0,1.0,0.0,1.0
NCT06313996,1,18,130,1,0.0,0.0,0.0,1.0,0.0,1.0
NCT01369355,91,18,99,4,0.0,0.0,2.0,0.0,0.0,4.0
NCT02240108,26,18,130,1,0.0,0.0,1.0,0.0,0.0,1.0
NCT03105102,60,16,80,1,0.0,0.0,1.0,0.0,0.0,7.0
NCT02914561,59,18,75,1,0.0,0.0,3.0,0.0,0.0,8.0
NCT03961815,39,18,80,2,0.0,0.0,0.0,0.0,0.0,2.0
NCT04232553,95,18,130,1,0.0,0.0,0.0,0.0,0.0,2.0
NCT02403323,89,18,130,1,1.0,0.0,0.0,0.0,0.0,1.0
NCT03627091,37,16,80,1,0.0,0.0,1.0,0.0,0.0,2.0
NCT02611817,25,18,80,1,0.0,0.0,1.0,0.0,0.0,1.0
NCT03290781,46,16,81,1,0.0,0.0,1.0,0.0,0.0,2.0
NCT03945188,29,16,80,1,0.0,0.0,1.0,0.0,0.0,1.0
NCT02435992,49,18,75,1,0.0,0.0,1.0,0.0,0.0,1.0
NCT02065557,31,4,17,1,0.0,0.0,1.0,0.0,0.0,5.0
NCT02118584,95,18,130,1,1.0,0.0,0.0,0.0,0.0,1.0
NCT02915744,23,18,130,2,0.0,0.0,0.0,1.0,0.0,1.0
NCT01882764,6,18,130,1,0.0,0.0,1.0,0.0,0.0,1.0
NCT01470612,100,18,130,1,0.0,0.0,0.0,0.0,0.0,2.0
NCT02849951,4,18,70,1,0.0,0.0,1.0,0.0,0.0,1.0
NCT03653026,38,16,75,1,0.0,0.0,1.0,0.0,0.0,1.0
NCT02611830,27,18,80,1,0.0,0.0,0.0,0.0,0.0,3.0
NCT02972840,43,65,130,1,0.0,0.0,1.0,0.0,0.0,1.0
NCT02522767,14,18,75,1,0.0,0.0,1.0,0.0,0.0,1.0
NCT02093663,24,5,17,1,0.0,0.0,0.0,0.0,0.0,2.0
NCT02612311,73,18,130,1,0.0,0.0,0.0,1.0,0.0,3.0
NCT03570892,97,18,100,1,0.0,0.0,0.0,1.0,0.0,1.0
NCT04338061,34,18,55,1,0.0,0.0,0.0,1.0,0.0,1.0
NCT03710655,1,18,65,1,0.0,0.0,1.0,0.0,0.0,1.0
NCT02047734,23,18,55,1,0.0,0.0,0.0,1.0,0.0,2.0
NCT02907177,42,18,55,1,0.0,0.0,1.0,0.0,0.0,1.0
NCT02792231,39,18,55,1,0.0,0.0,0.0,1.0,0.0,1.0
NCT04130997,66,18,130,1,0.0,0.0,0.0,0.0,0.0,1.0
NCT03368664,40,10,18,1,0.0,0.0,0.0,0.0,0.0,1.0
NCT02881567,23,18,55,1,0.0,0.0,0.0,0.0,0.0,1.0
NCT01462318,16,18,65,1,0.0,0.0,0.0,0.0,0.0,1.0
NCT02201108,76,10,17,1,0.0,0.0,1.0,0.0,0.0,1.0
NCT01247324,136,18,55,1,0.0,0.0,0.0,1.0,0.0,1.0
NCT02861014,32,18,55,1,0.0,0.0,0.0,0.0,0.0,1.0
NCT01665144,64,18,60,1,0.0,0.0,1.0,0.0,0.0,1.0
NCT03085810,62,18,55,1,0.0,0.0,0.0,1.0,0.0,2.0
NCT02703272,63,1,30,1,0.0,0.0,0.0,0.0,0.0,2.0
NCT05232825,33,18,65,2,0.0,0.0,0.0,1.0,0.0,1.0
NCT05153239,35,18,130,1,0.0,0.0,0.0,1.0,0.0,2.0
NCT05740566,43,18,130,1,0.0,0.0,0.0,1.0,0.0,1.0
NCT03061812,30,18,130,1,0.0,0.0,0.0,1.0,0.0,1.0
NCT03033511,43,18,130,1,0.0,0.0,0.0,0.0,0.0,2.0
NCT03703297,45,18,130,1,0.0,0.0,1.0,0.0,0.0,2.0
NCT02566993,41,18,130,1,0.0,0.0,0.0,2.0,0.0,1.0
NCT01767155,87,18,130,1,0.0,0.0,0.0,1.0,0.0,1.0
NCT03884101,100,18,130,1,0.0,0.0,0.0,1.0,0.0,1.0
NCT00883116,88,18,130,1,0.0,0.0,0.0,1.0,0.0,1.0
NCT03555422,35,18,130,1,0.0,0.0,1.0,0.0,0.0,1.0
NCT00770874,22,20,130,1,0.0,0.0,0.0,1.0,0.0,1.0
NCT03257267,19,18,130,2,0.0,0.0,0.0,1.0,0.0,1.0
NCT02853604,12,18,130,2,0.0,0.0,1.0,0.0,0.0,1.0
NCT04697628,99,18,130,1,0.0,0.0,0.0,1.0,0.0,1.0
NCT03830866,33,18,130,1,0.0,0.0,1.0,0.0,0.0,1.0
NCT03602495,6,18,130,1,0.0,0.0,1.0,0.0,0.0,1.0
NCT04211337,79,12,130,1,0.0,0.0,0.0,1.0,0.0,1.0
NCT01321554,30,18,130,1,0.0,0.0,1.0,0.0,0.0,3.0
NCT01843062,40,18,130,1,0.0,0.0,1.0,0.0,0.0,1.0
NCT02017717,108,18,130,1,0.0,0.0,0.0,1.0,0.0,2.0
NCT02796261,21,18,130,2,0.0,0.0,0.0,1.0,0.0,1.0
NCT03149003,26,18,130,1,0.0,0.0,0.0,1.0,0.0,1.0
NCT02511405,32,18,130,1,0.0,0.0,0.0,1.0,0.0,1.0
NCT01691521,58,12,130,1,0.0,0.0,1.0,0.0,0.0,2.0
NCT00777153,38,18,100,1,0.0,1.0,0.0,1.0,0.0,1.0
NCT01480479,137,18,130,5,0.0,0.0,0.0,1.0,0.0,1.0
NCT04464564,41,50,90,1,0.0,0.0,1.0,0.0,0.0,2.0
NCT01476904,5,12,75,1,0.0,0.0,1.0,1.0,0.0,1.0
NCT01484496,45,18,130,1,0.0,0.0,1.0,0.0,0.0,1.0
NCT02104674,51,18,75,1,0.0,0.0,1.0,1.0,0.0,1.0
NCT03665441,10,18,130,1,0.0,1.0,0.0,0.0,0.0,1.0
NCT03393000,10,18,70,1,0.0,0.0,0.0,1.0,0.0,1.0
NCT00943826,36,18,130,1,0.0,0.0,1.0,0.0,0.0,1.0
NCT03149575,15,18,130,5,0.0,0.0,0.0,1.0,0.0,1.0
NCT02573324,30,18,99,2,0.0,0.0,1.0,0.0,0.0,2.0
NCT05026177,27,50,87,1,0.0,0.0,1.0,0.0,0.0,2.0
NCT03833167,182,18,130,1,0.0,0.0,1.0,0.0,0.0,1.0
NCT01572038,140,18,130,1,0.0,0.0,0.0,0.0,0.0,1.0
NCT03843125,77,18,130,1,0.0,0.0,0.0,0.0,0.0,4.0
NCT03783442,29,18,130,1,0.0,0.0,0.0,1.0,0.0,1.0
NCT03138512,97,18,130,1,0.0,0.0,2.0,0.0,0.0,3.0
NCT04729608,21,18,130,1,0.0,0.0,1.0,0.0,0.0,1.0
NCT04746924,19,18,130,2,0.0,0.0,1.0,1.0,0.0,1.0
NCT03635983,89,12,130,1,0.0,0.0,0.0,0.0,0.0,2.0
NCT01968031,29,30,130,1,0.0,0.0,1.0,0.0,0.0,2.0
NCT02469090,51,18,130,1,0.0,0.0,1.0,0.0,0.0,1.0
NCT03021499,48,18,75,1,0.0,0.0,1.0,0.0,0.0,1.0
NCT01714817,88,18,130,1,0.0,0.0,1.0,0.0,0.0,1.0
NCT04181762,52,18,75,1,0.0,0.0,1.0,0.0,0.0,1.0
NCT03427151,7,18,130,1,0.0,0.0,0.0,0.0,0.0,1.0
NCT02514967,7,18,130,1,0.0,0.0,1.0,0.0,0.0,1.0
NCT03312907,71,18,130,1,0.0,1.0,1.0,0.0,0.0,1.0
NCT03517722,47,16,75,1,0.0,0.0,0.0,0.0,0.0,2.0
NCT02256150,12,18,70,1,0.0,0.0,0.0,1.0,0.0,1.0
NCT01408576,59,18,130,1,0.0,0.0,0.0,0.0,0.0,2.0
NCT00626197,19,16,130,2,0.0,0.0,1.0,0.0,0.0,2.0
NCT03952806,67,40,80,1,0.0,0.0,1.0,0.0,0.0,1.0
NCT02292537,44,2,12,1,0.0,0.0,0.0,0.0,1.0,1.0
NCT02796677,12,40,130,1,0.0,0.0,0.0,0.0,0.0,4.0
NCT01908595,8,18,130,1,0.0,0.0,0.0,0.0,0.0,1.0
NCT02933866,6,18,65,1,0.0,0.0,1.0,0.0,0.0,1.0
NCT03412747,42,18,130,2,0.0,0.0,0.0,1.0,0.0,2.0
NCT04211389,17,2,130,1,0.0,0.0,1.0,1.0,0.0,0.0
NCT02207244,52,18,99,1,0.0,0.0,1.0,1.0,0.0,1.0
NCT01646177,34,18,130,1,0.0,0.0,1.0,1.0,0.0,2.0
NCT03778931,38,18,130,1,0.0,0.0,0.0,1.0,0.0,1.0
NCT00141921,31,0,130,1,0.0,0.0,0.0,0.0,0.0,1.0
NCT03631706,35,18,130,1,0.0,0.0,0.0,1.0,0.0,1.0
NCT03607539,5,18,75,1,0.0,0.0,1.0,0.0,0.0,1.0
NCT03850795,21,18,130,2,0.0,0.0,0.0,1.0,0.0,1.0
NCT03329846,23,12,130,2,0.0,0.0,0.0,1.0,0.0,1.0
NCT03445533,92,18,130,1,0.0,0.0,0.0,0.0,0.0,2.0
NCT04658862,61,18,130,1,0.0,0.0,0.0,1.0,0.0,1.0
NCT02234115,5,18,130,1,0.0,0.0,0.0,0.0,0.0,1.0
NCT02111577,32,18,130,1,0.0,0.0,1.0,0.0,0.0,1.0
NCT03085095,35,18,130,1,0.0,0.0,0.0,1.0,0.0,1.0
NCT01310894,13,18,130,1,1.0,0.0,0.0,0.0,0.0,1.0
NCT03734016,41,18,130,2,0.0,0.0,0.0,1.0,0.0,1.0
NCT02551159,30,18,130,1,0.0,0.0,0.0,1.0,0.0,2.0
NCT01721876,101,65,130,1,0.0,0.0,1.0,0.0,0.0,1.0
NCT02721069,9,6,65,2,0.0,0.0,0.0,0.0,0.0,1.0
NCT00988156,13,2,16,1,0.0,0.0,1.0,1.0,0.0,0.0
NCT01529034,31,12,130,1,0.0,0.0,0.0,0.0,0.0,1.0
NCT04163900,13,18,130,1,0.0,0.0,0.0,1.0,0.0,1.0
NCT04869943,64,18,100,1,0.0,0.0,0.0,1.0,0.0,1.0
NCT01644890,8,20,74,1,0.0,0.0,0.0,1.0,0.0,1.0
NCT04799249,34,18,130,2,0.0,0.0,1.0,0.0,0.0,1.0
NCT01734928,84,18,130,1,0.0,0.0,0.0,1.0,0.0,1.0
NCT04177108,20,18,130,1,0.0,0.0,0.0,0.0,0.0,5.0
NCT03337724,46,18,130,1,0.0,0.0,0.0,0.0,0.0,2.0
NCT03073200,47,6,17,1,0.0,0.0,1.0,0.0,0.0,2.0
NCT04109066,142,18,130,1,0.0,0.0,1.0,0.0,0.0,1.0
NCT00069095,63,18,130,1,0.0,0.0,0.0,2.0,0.0,2.0
NCT01566721,147,18,130,1,0.0,0.0,0.0,0.0,0.0,2.0
NCT04538664,64,18,130,1,0.0,0.0,0.0,0.0,0.0,2.0
NCT02054338,2,18,75,1,0.0,0.0,0.0,1.0,0.0,1.0
NCT01953003,6,21,80,1,0.0,0.0,0.0,1.0,0.0,1.0
NCT03151408,23,18,130,1,0.0,0.0,1.0,0.0,0.0,1.0
NCT02993523,47,18,130,1,0.0,0.0,1.0,2.0,0.0,0.0
NCT04409223,4,18,130,1,0.0,0.0,0.0,1.0,0.0,1.0
NCT02847429,15,18,130,1,0.0,0.0,1.0,0.0,0.0,1.0
NCT00130728,31,18,130,1,0.0,0.0,1.0,0.0,0.0,1.0
NCT03456076,66,18,130,1,0.0,0.0,0.0,1.0,0.0,1.0
NCT03052608,114,18,130,1,0.0,0.0,0.0,1.0,0.0,1.0
NCT04035486,45,18,110,1,0.0,0.0,0.0,1.0,0.0,1.0
NCT03521154,62,18,130,1,0.0,0.0,1.0,0.0,0.0,1.0
NCT02454933,35,18,130,1,0.0,0.0,0.0,0.0,0.0,2.0
NCT03003962,43,18,130,1,0.0,0.0,0.0,1.0,0.0,1.0
NCT03519971,36,18,130,1,0.0,0.0,1.0,0.0,0.0,1.0
NCT03800134,53,18,120,1,0.0,0.0,1.0,0.0,0.0,1.0
NCT02542293,52,18,130,1,0.0,0.0,0.0,1.0,0.0,1.0
NCT03164616,53,18,130,1,0.0,0.0,0.0,1.0,0.0,2.0
NCT01544179,33,18,130,1,0.0,0.0,1.0,0.0,0.0,1.0
NCT01085136,82,18,130,1,0.0,0.0,0.0,1.0,0.0,1.0
NCT02411448,98,18,130,1,0.0,0.0,1.0,0.0,0.0,2.0
NCT03829332,96,18,130,1,0.0,0.0,0.0,1.0,0.0,1.0
NCT03976375,111,18,130,1,0.0,0.0,0.0,1.0,0.0,2.0
NCT00982111,60,18,130,1,0.0,0.0,0.0,1.0,0.0,1.0
NCT03976362,103,18,130,1,0.0,0.0,0.0,1.0,0.0,1.0
NCT03976323,90,18,130,1,0.0,0.0,0.0,1.0,0.0,1.0
NCT04689828,95,18,100,1,0.0,0.0,0.0,1.0,0.0,1.0
NCT03425643,160,18,130,1,0.0,0.0,1.0,0.0,0.0,1.0
NCT03191786,63,18,130,1,0.0,0.0,0.0,1.0,0.0,1.0
NCT02181413,23,18,130,2,0.0,0.0,1.0,0.0,0.0,1.0
NCT04194203,45,18,130,1,0.0,0.0,1.0,0.0,0.0,1.0
NCT02657434,59,18,130,1,0.0,0.0,0.0,1.0,0.0,1.0
NCT03735121,72,18,130,1,0.0,0.0,0.0,0.0,0.0,5.0
NCT04026412,88,18,130,1,0.0,0.0,0.0,0.0,0.0,3.0
NCT03142334,95,18,130,1,0.0,0.0,1.0,0.0,0.0,1.0
NCT02737501,20,18,130,4,0.0,0.0,0.0,1.0,0.0,2.0
NCT01235962,150,18,130,2,0.0,0.0,1.0,0.0,0.0,1.0
NCT03215706,56,18,130,1,0.0,0.0,0.0,1.0,0.0,1.0
NCT04197986,25,18,130,2,0.0,0.0,1.0,0.0,0.0,1.0
NCT04209114,51,18,130,3,0.0,1.0,0.0,0.0,0.0,2.0
NCT02632409,106,18,130,1,0.0,0.0,1.0,0.0,0.0,1.0
NCT04149574,65,18,130,1,0.0,0.0,1.0,0.0,0.0,1.0
NCT04410445,23,12,130,4,0.0,0.0,0.0,1.0,0.0,1.0
NCT02367794,52,18,130,1,0.0,0.0,0.0,1.0,0.0,2.0
NCT04025879,78,18,130,1,0.0,0.0,1.0,0.0,0.0,1.0
NCT02864251,62,18,130,1,0.0,0.0,0.0,1.0,0.0,2.0
NCT02409342,64,18,130,1,0.0,0.0,0.0,1.0,0.0,1.0
NCT00911170,84,18,130,8,0.0,0.0,2.0,0.0,0.0,0.0
NCT02603432,85,18,130,1,0.0,1.0,0.0,0.0,0.0,1.0
NCT04003636,91,18,130,1,0.0,0.0,1.0,0.0,0.0,1.0
NCT03783078,40,12,130,1,0.0,0.0,0.0,0.0,0.0,1.0
NCT04181827,75,18,130,1,0.0,0.0,0.0,0.0,0.0,2.0
NCT03575351,56,18,75,1,0.0,0.0,0.0,1.0,0.0,1.0
NCT03036488,67,18,130,1,0.0,0.0,0.0,1.0,0.0,1.0
NCT02453282,50,18,130,1,0.0,0.0,0.0,1.0,0.0,2.0
NCT01102426,71,18,130,1,0.0,0.0,0.0,1.0,0.0,1.0
NCT02549092,28,30,130,1,0.0,0.0,0.0,1.0,0.0,1.0
NCT03151811,77,18,130,1,0.0,0.0,0.0,1.0,0.0,1.0
NCT03275285,55,18,130,1,0.0,0.0,0.0,1.0,0.0,1.0
NCT00405756,24,65,130,1,0.0,1.0,0.0,0.0,0.0,2.0
NCT02112175,22,18,130,1,0.0,0.0,0.0,0.0,0.0,1.0
NCT03504423,31,18,75,1,0.0,0.0,0.0,1.0,0.0,1.0
NCT04985136,4,18,130,1,0.0,0.0,0.0,3.0,0.0,1.0
NCT02112656,29,18,130,1,0.0,0.0,1.0,0.0,0.0,1.0
NCT02562755,51,18,130,1,0.0,0.0,0.0,1.0,0.0,1.0
NCT01287585,29,18,130,1,0.0,0.0,1.0,0.0,0.0,1.0
NCT02329860,6,18,130,1,0.0,0.0,1.0,0.0,0.0,1.0
NCT03236649,3,18,75,1,0.0,0.0,0.0,1.0,0.0,1.0
NCT00774345,48,18,130,1,0.0,0.0,1.0,0.0,0.0,1.0
NCT02301156,65,18,130,1,0.0,0.0,0.0,1.0,0.0,1.0
NCT01728805,25,18,130,1,0.0,0.0,0.0,1.0,0.0,1.0
NCT02475681,34,18,130,1,0.0,0.0,0.0,1.0,0.0,2.0
NCT01732913,41,18,130,1,0.0,0.0,1.0,0.0,0.0,1.0
NCT01732926,30,18,130,1,0.0,0.0,0.0,0.0,0.0,2.0
NCT02626455,95,18,130,1,0.0,0.0,1.0,0.0,0.0,1.0
NCT02204982,28,18,130,1,0.0,0.0,1.0,0.0,0.0,1.0
NCT01650701,14,18,130,1,0.0,0.0,0.0,1.0,0.0,1.0
NCT01200758,98,18,130,1,0.0,0.0,0.0,1.0,0.0,1.0
NCT01777152,62,18,130,3,0.0,0.0,0.0,1.0,0.0,1.0
NCT02448381,32,18,130,1,0.0,0.0,1.0,1.0,0.0,0.0
NCT03053440,25,18,130,1,0.0,0.0,0.0,1.0,0.0,1.0
NCT03138499,38,18,130,1,0.0,0.0,0.0,0.0,0.0,2.0
NCT02899299,71,18,130,1,0.0,0.0,0.0,1.0,0.0,1.0
NCT04685135,56,18,130,2,0.0,0.0,0.0,1.0,0.0,1.0
NCT01098266,10,18,130,1,0.0,0.0,1.0,0.0,0.0,1.0
NCT02165397,70,18,130,1,0.0,0.0,0.0,0.0,0.0,3.0
NCT04478266,33,18,130,1,0.0,0.0,0.0,1.0,0.0,1.0
NCT04613674,4,18,75,1,0.0,0.0,0.0,0.0,0.0,2.0
NCT03052725,14,12,130,1,0.0,0.0,0.0,0.0,0.0,1.0
NCT04487080,65,18,130,1,0.0,0.0,0.0,1.0,0.0,2.0
NCT04471428,44,18,130,1,0.0,0.0,0.0,1.0,0.0,1.0
NCT04642469,24,18,130,1,0.0,0.0,1.0,0.0,0.0,1.0
NCT03734029,32,18,130,1,0.0,0.0,0.0,1.0,0.0,1.0
NCT03548584,17,55,90,2,0.0,0.0,1.0,0.0,0.0,2.0
NCT02817906,6,55,130,1,0.0,0.0,1.0,0.0,0.0,1.0
NCT04544436,43,18,55,1,0.0,0.0,0.0,1.0,0.0,1.0
NCT03562949,2,18,70,1,0.0,0.0,1.0,1.0,0.0,1.0
NCT02414854,42,12,130,1,0.0,0.0,2.0,0.0,0.0,2.0
NCT01285323,36,12,75,1,0.0,0.0,1.0,0.0,0.0,1.0
NCT02139644,25,12,130,1,0.0,0.0,1.0,0.0,0.0,4.0
NCT01907763,2,15,130,1,0.0,0.0,1.0,0.0,0.0,2.0
NCT03347279,27,12,80,1,0.0,0.0,1.0,0.0,0.0,1.0
NCT01686633,23,12,130,1,0.0,0.0,0.0,0.0,0.0,3.0
NCT01698320,16,12,130,1,0.0,0.0,1.0,0.0,0.0,1.0
NCT01791972,11,18,50,1,0.0,0.0,0.0,0.0,0.0,2.0
NCT01257230,55,12,17,1,0.0,0.0,1.0,0.0,0.0,2.0
NCT02126839,13,4,11,1,0.0,0.0,1.0,0.0,0.0,1.0
NCT02918071,12,18,75,1,0.0,0.0,0.0,0.0,0.0,1.0
NCT02075255,28,18,75,1,0.0,0.0,1.0,0.0,0.0,2.0
NCT02091986,25,6,11,1,0.0,0.0,0.0,3.0,0.0,0.0
NCT02924688,167,18,130,1,0.0,0.0,0.0,2.0,0.0,4.0
NCT00079937,10,6,11,1,0.0,0.0,1.0,0.0,0.0,1.0
NCT02194699,30,12,75,1,0.0,0.0,1.0,0.0,0.0,1.0
NCT01867125,20,18,75,1,0.0,0.0,1.0,0.0,0.0,2.0
NCT03137784,3,18,65,1,0.0,6.0,0.0,0.0,0.0,0.0
NCT02555683,16,12,130,1,0.0,0.0,1.0,0.0,0.0,2.0
NCT04121221,17,18,55,1,0.0,0.0,1.0,0.0,0.0,1.0
NCT04049175,7,12,75,1,0.0,0.0,1.0,0.0,0.0,3.0
NCT01416181,34,18,58,1,0.0,0.0,0.0,0.0,0.0,2.0
NCT03771040,7,18,75,1,0.0,0.0,1.0,0.0,0.0,1.0
NCT02948959,57,6,11,1,0.0,0.0,1.0,0.0,0.0,1.0
NCT03248128,55,5,17,1,0.0,0.0,0.0,2.0,0.0,2.0
NCT03654976,10,5,17,3,0.0,0.0,1.0,0.0,0.0,1.0
NCT02538666,101,18,130,1,0.0,0.0,1.0,0.0,0.0,2.0
NCT02676089,8,18,75,1,0.0,0.0,0.0,2.0,0.0,1.0
NCT01774786,122,18,130,1,0.0,0.0,1.0,0.0,0.0,1.0
NCT04459715,31,18,130,1,0.0,0.0,0.0,1.0,0.0,1.0
NCT05223673,8,18,130,1,0.0,0.0,0.0,1.0,0.0,1.0
NCT04740918,51,18,130,1,0.0,0.0,0.0,1.0,0.0,1.0
NCT04752332,67,18,130,1,0.0,0.0,0.0,1.0,0.0,1.0
NCT04786964,10,18,130,1,0.0,0.0,0.0,1.0,0.0,1.0
NCT05104866,22,18,130,1,0.0,0.0,0.0,1.0,0.0,1.0
NCT03325556,25,50,90,1,0.0,0.0,1.0,0.0,0.0,1.0
NCT02486718,77,18,130,1,0.0,0.0,0.0,1.0,0.0,1.0
NCT00477906,14,0,130,1,0.0,0.0,1.0,0.0,0.0,1.0
NCT04810078,51,18,130,1,0.0,0.0,0.0,1.0,0.0,3.0
NCT04251533,43,18,100,1,0.0,0.0,1.0,0.0,0.0,2.0
NCT02743494,106,18,130,1,0.0,0.0,1.0,0.0,0.0,1.0
NCT04338269,51,18,130,1,0.0,0.0,0.0,1.0,0.0,1.0
NCT05092360,18,18,130,3,0.0,0.0,0.0,1.0,0.0,3.0
NCT04300114,14,18,130,1,0.0,0.0,1.0,0.0,0.0,1.0
NCT02504372,45,18,130,1,0.0,0.0,1.0,0.0,0.0,1.0
NCT04329949,21,18,130,1,0.0,0.0,0.0,0.0,0.0,1.0
NCT04456699,93,18,130,1,0.0,0.0,0.0,1.0,0.0,2.0
NCT04737187,15,18,130,1,0.0,0.0,0.0,1.0,0.0,1.0
NCT04607421,52,16,130,1,0.0,0.0,0.0,2.0,0.0,5.0
NCT02807636,56,18,130,1,0.0,0.0,1.0,0.0,0.0,2.0
NCT00295620,25,18,80,1,0.0,0.0,0.0,0.0,0.0,2.0
NCT06072781,71,18,130,1,0.0,0.0,0.0,1.0,0.0,1.0
NCT04729387,31,18,100,1,0.0,0.0,0.0,1.0,0.0,1.0
NCT04649060,14,18,130,2,0.0,0.0,0.0,1.0,0.0,1.0
NCT04571645,11,18,130,1,0.0,0.0,1.0,0.0,0.0,1.0
NCT04778397,42,18,130,1,0.0,0.0,0.0,2.0,0.0,1.0
NCT05079230,29,18,130,1,0.0,0.0,1.0,0.0,0.0,1.0
NCT04191499,68,18,130,1,0.0,0.0,1.0,0.0,0.0,1.0
NCT04797780,44,18,130,1,0.0,0.0,1.0,0.0,0.0,1.0
NCT04770896,51,18,130,1,0.0,0.0,0.0,1.0,0.0,1.0
NCT01321541,54,18,130,4,0.0,0.0,0.0,1.0,0.0,1.0
NCT04982237,3,18,75,1,0.0,0.0,1.0,0.0,0.0,1.0
NCT03326674,60,18,130,1,0.0,0.0,0.0,1.0,0.0,1.0
NCT04915755,18,18,130,1,0.0,0.0,0.0,0.0,0.0,2.0
NCT03981796,22,18,130,1,0.0,0.0,2.0,2.0,0.0,0.0
NCT00553358,100,18,130,1,0.0,0.0,0.0,1.0,0.0,2.0
NCT03402841,31,18,95,1,0.0,0.0,0.0,0.0,0.0,1.0
NCT03430843,35,18,130,1,0.0,0.0,0.0,1.0,0.0,1.0
NCT03143153,101,18,130,1,0.0,0.0,0.0,1.0,0.0,2.0
NCT02029157,10,20,130,1,0.0,0.0,1.0,0.0,0.0,1.0
NCT01111552,19,18,65,1,0.0,0.0,0.0,5.0,0.0,0.0
NCT02332499,5,18,130,1,0.0,0.0,1.0,1.0,0.0,0.0
NCT02388919,6,18,75,1,0.0,0.0,1.0,0.0,0.0,1.0
NCT02106832,27,18,130,1,0.0,0.0,2.0,0.0,0.0,2.0
NCT04439890,1,18,75,1,0.0,0.0,1.0,0.0,0.0,1.0
NCT03601975,3,18,70,1,0.0,0.0,1.0,0.0,0.0,1.0
NCT04154956,63,18,130,1,0.0,0.0,0.0,1.0,0.0,1.0
NCT04974398,16,12,75,1,0.0,0.0,1.0,0.0,0.0,1.0
NCT03866980,3,18,75,1,0.0,0.0,1.0,0.0,0.0,2.0
NCT03019588,28,18,130,2,0.0,0.0,0.0,1.0,0.0,1.0
NCT04191096,77,18,130,1,0.0,0.0,1.0,0.0,0.0,1.0
NCT04816214,14,18,130,1,0.0,0.0,0.0,1.0,0.0,2.0
NCT05002569,41,12,130,1,0.0,0.0,0.0,0.0,0.0,2.0
NCT03529110,41,18,130,1,0.0,0.0,0.0,1.0,0.0,1.0
NCT05493501,13,18,130,1,0.0,0.0,0.0,1.0,0.0,2.0
NCT03308799,7,18,130,1,0.0,0.0,1.0,1.0,0.0,1.0
NCT01095003,9,21,130,1,0.0,0.0,0.0,1.0,0.0,1.0
NCT01419197,53,18,130,1,0.0,0.0,0.0,1.0,0.0,1.0
NCT01578239,31,18,130,2,0.0,0.0,0.0,1.0,0.0,1.0
NCT01611090,60,18,130,2,0.0,0.0,1.0,0.0,0.0,1.0
NCT05014919,11,7,11,1,0.0,0.0,1.0,0.0,0.0,2.0
NCT03859427,56,18,99,1,0.0,0.0,0.0,2.0,0.0,0.0
NCT05065411,31,18,100,1,0.0,0.0,0.0,1.0,0.0,1.0
NCT04987203,26,18,130,1,0.0,0.0,0.0,0.0,0.0,2.0
NCT04093362,18,18,130,2,0.0,0.0,0.0,1.0,0.0,1.0
NCT05020665,22,18,74,1,0.0,0.0,1.0,0.0,0.0,1.0
NCT05964413,17,18,130,1,0.0,0.0,1.0,0.0,0.0,1.0
NCT02594371,11,18,130,1,0.0,0.0,0.0,1.0,0.0,1.0
NCT04738487,139,18,130,2,0.0,0.0,0.0,1.0,0.0,1.0
NCT00718549,104,18,130,1,1.0,0.0,0.0,0.0,0.0,2.0
NCT04988295,48,18,130,1,0.0,0.0,0.0,1.0,0.0,4.0
NCT01516580,6,0,17,2,0.0,0.0,0.0,1.0,0.0,1.0
NCT05134194,2,18,70,1,0.0,0.0,0.0,0.0,0.0,2.0
NCT05128773,17,18,130,1,0.0,0.0,0.0,1.0,0.0,1.0
NCT01387932,27,18,130,1,0.0,0.0,0.0,1.0,0.0,1.0
NCT02727660,5,40,80,1,0.0,0.0,0.0,0.0,0.0,3.0
NCT05600309,10,18,130,1,0.0,0.0,0.0,1.0,0.0,1.0
NCT02032277,28,18,99,1,0.0,0.0,2.0,1.0,0.0,0.0
NCT04634877,79,18,130,1,0.0,0.0,1.0,0.0,0.0,1.0
NCT04979442,28,18,130,1,0.0,0.0,0.0,1.0,0.0,1.0
NCT03180736,9,18,130,1,0.0,0.0,0.0,1.0,0.0,1.0
NCT03720470,34,18,130,10,0.0,0.0,2.0,1.0,0.0,2.0
NCT05378763,11,18,130,1,0.0,0.0,0.0,1.0,0.0,1.0
NCT03106987,52,18,130,1,0.0,0.0,1.0,0.0,0.0,1.0
NCT02580058,60,18,130,1,0.0,0.0,0.0,1.0,0.0,2.0
NCT05179239,3,18,70,1,0.0,0.0,1.0,0.0,0.0,2.0
NCT05297565,19,18,130,1,0.0,0.0,0.0,1.0,0.0,1.0
NCT05081167,5,18,65,1,0.0,0.0,1.0,0.0,0.0,1.0
NCT02965118,4,12,70,1,0.0,0.0,1.0,0.0,0.0,1.0
NCT05387707,10,18,80,2,0.0,0.0,1.0,1.0,0.0,2.0
NCT02683941,38,18,130,1,0.0,0.0,1.0,0.0,0.0,1.0
NCT05456191,33,18,100,1,0.0,0.0,0.0,1.0,0.0,1.0
NCT03106779,108,18,100,1,0.0,0.0,0.0,1.0,0.0,1.0
NCT02497287,44,18,130,1,0.0,0.0,0.0,0.0,0.0,1.0
NCT03336333,38,18,130,2,0.0,0.0,0.0,0.0,0.0,6.0
NCT03771664,17,18,64,2,0.0,0.0,1.0,0.0,0.0,1.0
NCT06058793,32,18,130,1,0.0,0.0,0.0,0.0,0.0,1.0
NCT02604342,23,18,130,1,0.0,0.0,0.0,1.0,0.0,1.0
NCT05235516,3,18,130,1,0.0,0.0,1.0,0.0,0.0,1.0
NCT03898180,113,18,130,1,0.0,0.0,0.0,1.0,0.0,1.0
NCT03961529,5,2,130,1,0.0,0.0,0.0,0.0,0.0,2.0
NCT05226598,46,18,130,1,0.0,0.0,0.0,1.0,0.0,1.0
NCT05132075,39,18,100,1,0.0,0.0,0.0,1.0,0.0,1.0
NCT04866017,8,18,130,1,0.0,0.0,0.0,0.0,0.0,3.0
NCT01163253,67,18,130,1,0.0,0.0,0.0,0.0,0.0,1.0
NCT05198934,36,18,100,1,0.0,0.0,0.0,1.0,0.0,2.0
NCT04494425,37,18,105,1,0.0,0.0,0.0,1.0,0.0,1.0
NCT04165317,67,18,130,1,0.0,0.0,0.0,1.0,0.0,4.0
NCT04256421,33,18,130,1,0.0,0.0,0.0,1.0,0.0,1.0
NCT05224141,50,18,130,1,0.0,0.0,0.0,1.0,0.0,1.0
NCT05170204,48,18,130,1,0.0,0.0,0.0,2.0,0.0,2.0
NCT02855944,29,18,130,4,0.0,0.0,0.0,1.0,0.0,1.0
NCT03165734,67,18,130,3,0.0,0.0,0.0,1.0,0.0,1.0
NCT02224157,27,12,130,1,0.0,0.0,0.0,1.0,0.0,1.0
NCT01120184,84,18,130,1,0.0,0.0,0.0,0.0,0.0,3.0
NCT05298423,88,18,130,1,0.0,0.0,0.0,1.0,0.0,1.0
NCT01634139,66,6,11,1,0.0,0.0,0.0,0.0,0.0,3.0
NCT00796445,184,18,130,1,0.0,0.0,1.0,0.0,0.0,1.0
NCT05288166,42,18,130,17,0.0,0.0,0.0,1.0,0.0,1.0
NCT03745638,9,12,130,1,0.0,0.0,1.0,0.0,0.0,6.0
NCT03345914,11,6,11,1,0.0,0.0,0.0,0.0,0.0,3.0
NCT03131648,32,18,130,1,0.0,0.0,3.0,0.0,0.0,5.0
NCT03568318,38,12,75,1,0.0,0.0,1.0,0.0,0.0,3.0
NCT03054428,8,12,17,9,0.0,0.0,0.0,0.0,0.0,3.0
NCT02260986,20,18,130,1,0.0,0.0,0.0,0.0,0.0,3.0
NCT02118792,8,2,130,1,0.0,0.0,1.0,0.0,0.0,1.0
NCT04875169,7,12,75,1,0.0,0.0,1.0,0.0,0.0,4.0
NCT04804605,11,2,130,1,0.0,0.0,0.0,0.0,0.0,1.0
NCT05329545,18,18,130,3,0.0,0.0,1.0,0.0,0.0,1.0
NCT05328908,39,18,130,1,0.0,0.0,0.0,1.0,0.0,1.0
NCT02854072,3,19,130,1,0.0,0.0,0.0,1.0,0.0,1.0
NCT02009423,4,18,130,1,0.0,0.0,1.0,0.0,0.0,1.0
NCT05142774,6,2,130,1,0.0,0.0,0.0,0.0,0.0,1.0
NCT03042611,21,18,130,2,0.0,0.0,0.0,0.0,0.0,2.0
NCT03515837,83,18,130,1,0.0,0.0,0.0,1.0,0.0,1.0
NCT02332512,4,18,70,1,0.0,0.0,1.0,0.0,0.0,1.0
NCT03099382,7,18,75,1,0.0,0.0,0.0,1.0,0.0,1.0
NCT05337553,70,4,21,3,0.0,0.0,1.0,0.0,0.0,1.0
NCT05348577,23,18,130,1,0.0,0.0,1.0,0.0,0.0,1.0
NCT03908970,4,15,70,1,0.0,0.0,1.0,0.0,0.0,1.0
NCT03989349,33,12,130,1,0.0,0.0,1.0,0.0,0.0,1.0
NCT02579863,51,18,130,1,0.0,0.0,0.0,1.0,0.0,1.0
NCT04540211,35,18,130,1,0.0,0.0,1.0,0.0,0.0,1.0
NCT04543617,48,18,130,1,0.0,0.0,1.0,0.0,0.0,2.0
NCT03635567,53,18,130,1,0.0,0.0,1.0,0.0,0.0,1.0
NCT02586025,33,18,130,1,0.0,0.0,0.0,0.0,0.0,2.0
NCT01100502,52,18,130,1,0.0,0.0,1.0,0.0,0.0,1.0
NCT05386550,20,18,130,1,0.0,0.0,1.0,0.0,0.0,1.0
NCT03957590,17,18,75,1,0.0,0.0,1.0,0.0,0.0,1.0
NCT02186873,34,18,130,1,0.0,0.0,0.0,0.0,0.0,2.0
NCT04007367,11,18,65,1,0.0,0.0,1.0,0.0,0.0,2.0
NCT02008916,15,18,130,1,0.0,0.0,1.0,0.0,0.0,2.0
NCT06472076,2,18,130,1,0.0,0.0,0.0,1.0,0.0,1.0
NCT04594707,34,0,130,1,0.0,0.0,0.0,0.0,0.0,1.0
NCT03875235,45,18,130,1,0.0,0.0,1.0,0.0,0.0,1.0
NCT01322490,56,18,130,1,0.0,0.0,1.0,0.0,0.0,2.0
NCT06635135,13,18,64,2,0.0,0.0,1.0,0.0,0.0,1.0
NCT02541331,2,6,16,1,0.0,0.0,1.0,0.0,0.0,1.0
NCT02514577,5,18,130,1,0.0,0.0,0.0,1.0,0.0,1.0
NCT01639339,120,18,130,1,0.0,0.0,1.0,0.0,0.0,1.0
NCT00482833,26,18,70,1,0.0,0.0,0.0,1.0,0.0,1.0
NCT04662710,106,18,130,1,0.0,0.0,0.0,0.0,0.0,2.0
NCT05603754,22,40,80,1,0.0,0.0,1.0,0.0,0.0,1.0
NCT02101268,40,18,130,3,0.0,0.0,0.0,1.0,0.0,1.0
NCT05784129,18,18,130,1,0.0,0.0,1.0,1.0,0.0,0.0
NCT00671034,119,2,30,3,0.0,0.0,0.0,1.0,0.0,1.0
NCT02941926,65,18,130,1,0.0,0.0,0.0,0.0,0.0,1.0
NCT01871727,60,18,130,1,0.0,0.0,0.0,0.0,0.0,1.0
NCT03435081,38,18,130,1,0.0,0.0,1.0,0.0,0.0,2.0
NCT02278120,53,18,59,1,0.0,0.0,1.0,0.0,0.0,1.0
NCT02024646,27,18,130,1,0.0,0.0,1.0,0.0,0.0,2.0
NCT03781375,2,0,130,1,0.0,0.0,1.0,0.0,0.0,1.0
NCT01942135,72,18,130,1,0.0,0.0,0.0,1.0,0.0,1.0
NCT04162210,31,18,130,1,0.0,0.0,0.0,1.0,0.0,1.0
NCT02166463,457,2,22,6,0.0,0.0,0.0,1.0,0.0,1.0
NCT04656652,40,18,130,1,0.0,0.0,0.0,1.0,0.0,1.0
NCT03374488,10,18,130,1,0.0,0.0,0.0,1.0,0.0,1.0
NCT03361865,11,18,130,1,0.0,0.0,0.0,1.0,0.0,1.0
NCT02101853,522,1,31,1,0.0,0.0,0.0,2.0,0.0,2.0
NCT04551053,62,18,130,4,0.0,0.0,1.0,0.0,0.0,1.0
NCT02696798,52,18,130,1,0.0,0.0,1.0,0.0,0.0,2.0
NCT04173494,66,18,130,3,0.0,0.0,0.0,1.0,0.0,1.0
NCT05665595,47,12,130,1,0.0,0.0,0.0,1.0,0.0,1.0
NCT01969838,51,18,130,3,0.0,0.0,0.0,1.0,0.0,1.0
NCT03589326,29,18,130,1,0.0,0.0,0.0,1.0,0.0,1.0
NCT06045806,30,18,130,1,0.0,0.0,0.0,1.0,0.0,1.0
NCT01796002,16,18,80,1,0.0,0.0,0.0,1.0,0.0,1.0
NCT04115839,18,18,75,1,0.0,0.0,1.0,0.0,0.0,4.0
NCT03896581,60,18,130,1,0.0,0.0,1.0,0.0,0.0,1.0
NCT04115748,20,18,75,1,0.0,0.0,1.0,1.0,0.0,4.0
NCT03895203,73,18,130,1,0.0,0.0,1.0,1.0,0.0,1.0
NCT01860976,60,18,130,1,0.0,0.0,1.0,0.0,0.0,1.0
NCT01550003,93,2,17,1,0.0,0.0,0.0,0.0,0.0,1.0
NCT02181673,33,18,130,1,0.0,0.0,1.0,0.0,0.0,1.0
NCT01976364,70,18,130,1,0.0,0.0,0.0,0.0,0.0,1.0
NCT03633617,24,12,130,1,0.0,0.0,0.0,0.0,0.0,3.0
NCT04753697,60,12,75,1,0.0,0.0,1.0,0.0,0.0,2.0
NCT04394351,20,1,11,1,0.0,0.0,0.0,0.0,0.0,5.0
NCT04543409,28,12,65,1,0.0,0.0,1.0,0.0,0.0,1.0
NCT02605837,29,11,55,1,0.0,0.0,1.0,0.0,0.0,1.0
NCT04921358,17,18,130,1,0.0,0.0,0.0,1.0,0.0,1.0
NCT04551066,59,18,130,4,0.0,0.0,1.0,0.0,0.0,1.0
NCT04468984,90,18,130,1,0.0,0.0,0.0,1.0,0.0,2.0
NCT04472598,60,18,130,1,0.0,0.0,0.0,1.0,0.0,1.0
NCT02598297,17,18,130,1,0.0,0.0,1.0,1.0,0.0,0.0
NCT05197049,39,18,130,1,0.0,0.0,1.0,0.0,0.0,2.0
NCT04612790,23,18,130,1,0.0,0.0,0.0,0.0,0.0,2.0
NCT03689972,23,18,60,1,0.0,0.0,0.0,0.0,0.0,5.0
NCT04417894,12,12,130,1,0.0,0.0,0.0,0.0,0.0,2.0
NCT02915159,42,18,130,1,0.0,0.0,1.0,0.0,0.0,1.0
NCT03952559,90,2,17,1,0.0,0.0,1.0,0.0,0.0,4.0
NCT02430532,9,18,58,1,0.0,0.0,0.0,0.0,0.0,2.0
NCT04234607,2,18,75,1,0.0,0.0,0.0,1.0,0.0,2.0
NCT02376790,54,18,130,1,0.0,0.0,0.0,1.0,0.0,2.0
NCT03675308,31,18,130,1,0.0,0.0,1.0,0.0,0.0,1.0
NCT01752634,25,18,130,1,0.0,0.0,1.0,0.0,0.0,3.0
NCT02349295,27,18,130,1,0.0,0.0,1.0,0.0,0.0,2.0
NCT03158285,44,18,130,1,0.0,0.0,0.0,0.0,0.0,3.0
NCT03526861,24,12,17,1,0.0,0.0,0.0,0.0,0.0,8.0
NCT03053050,28,18,70,1,0.0,0.0,1.0,0.0,0.0,2.0
NCT04305405,22,6,14,1,0.0,0.0,0.0,0.0,0.0,2.0
NCT02548351,80,18,85,1,0.0,0.0,1.0,0.0,0.0,2.0
NCT02704403,66,18,75,1,0.0,0.0,1.0,0.0,0.0,1.0
NCT04669028,20,60,85,1,0.0,0.0,1.0,0.0,0.0,1.0
NCT03900429,12,18,130,1,0.0,0.0,1.0,2.0,0.0,0.0
NCT04104321,9,18,75,1,0.0,0.0,1.0,0.0,0.0,1.0
NCT03028740,25,18,75,1,0.0,0.0,1.0,0.0,0.0,1.0
NCT01900665,36,55,90,1,0.0,0.0,1.0,0.0,0.0,1.0
NCT01931566,16,65,83,1,0.0,0.0,2.0,0.0,0.0,1.0
NCT04628494,44,18,130,1,0.0,0.0,0.0,1.0,0.0,1.0
NCT03732820,35,18,99,1,0.0,0.0,1.0,0.0,0.0,1.0
NCT04400331,13,18,75,1,0.0,0.0,0.0,0.0,0.0,1.0
NCT04540497,29,18,130,1,0.0,0.0,1.0,0.0,0.0,1.0
NCT00269438,13,18,80,1,0.0,0.0,0.0,0.0,0.0,0.0
NCT05681481,15,18,130,1,0.0,0.0,0.0,0.0,0.0,1.0
NCT03665038,17,15,17,1,0.0,0.0,0.0,0.0,0.0,1.0
NCT04221945,110,18,130,1,0.0,0.0,0.0,0.0,0.0,2.0
NCT04374253,34,0,130,1,0.0,0.0,0.0,0.0,0.0,2.0
NCT01166282,28,6,17,1,0.0,0.0,1.0,0.0,0.0,2.0
NCT02972658,46,55,130,1,0.0,0.0,0.0,0.0,0.0,4.0
NCT02760602,27,55,85,1,0.0,0.0,0.0,0.0,0.0,2.0
NCT02547818,26,55,79,1,0.0,0.0,1.0,3.0,0.0,0.0
NCT03197740,4,50,85,1,0.0,0.0,0.0,2.0,0.0,2.0
NCT01763164,33,18,130,1,0.0,0.0,0.0,1.0,0.0,1.0
NCT03114657,25,50,85,1,0.0,0.0,1.0,0.0,0.0,1.0
NCT02008357,75,65,85,1,0.0,0.0,1.0,0.0,0.0,1.0
NCT05508789,35,60,85,9,0.0,0.0,1.0,0.0,0.0,1.0
NCT02245568,6,0,130,2,0.0,0.0,0.0,0.0,0.0,1.0
NCT01795859,18,18,130,1,0.0,0.0,0.0,0.0,0.0,2.0
NCT05256134,17,60,80,1,0.0,0.0,1.0,0.0,0.0,1.0
NCT00643409,2,18,130,1,0.0,0.0,0.0,0.0,0.0,2.0
NCT04909801,44,18,130,1,0.0,0.0,0.0,0.0,0.0,2.0
NCT03237325,19,18,130,2,0.0,0.0,1.0,0.0,0.0,1.0
NCT04242446,72,18,130,1,0.0,0.0,1.0,0.0,0.0,3.0
NCT03580356,38,12,130,1,0.0,0.0,1.0,1.0,0.0,2.0
NCT03928743,79,18,130,1,0.0,0.0,1.0,0.0,0.0,1.0
NCT02437162,41,18,130,1,0.0,0.0,1.0,0.0,0.0,2.0
NCT03502616,26,18,130,1,0.0,0.0,1.0,0.0,0.0,1.0
NCT04944784,59,18,80,1,0.0,0.0,1.0,0.0,0.0,3.0
NCT04169373,34,18,130,1,0.0,0.0,2.0,0.0,0.0,2.0
NCT02438787,43,18,130,1,0.0,0.0,1.0,0.0,0.0,2.0
NCT02522780,13,18,75,1,0.0,0.0,1.0,0.0,0.0,1.0
NCT04985968,8,18,130,1,0.0,0.0,1.0,0.0,0.0,2.0
NCT02368717,12,18,70,1,0.0,0.0,1.0,0.0,0.0,1.0
NCT02739165,6,40,85,1,0.0,0.0,1.0,0.0,0.0,1.0
NCT02407236,79,18,130,2,0.0,4.0,2.0,0.0,0.0,4.0
NCT03711162,31,40,130,1,0.0,0.0,1.0,0.0,0.0,2.0
NCT03713619,28,18,130,1,0.0,0.0,2.0,2.0,0.0,0.0
NCT01112722,12,30,85,1,0.0,0.0,1.0,1.0,0.0,0.0
NCT02893098,2,40,130,1,0.0,0.0,0.0,1.0,0.0,1.0
NCT02122601,2,40,130,1,0.0,1.0,0.0,0.0,0.0,0.0
NCT01622569,13,18,130,1,0.0,0.0,1.0,3.0,0.0,0.0
NCT03383471,2,19,130,1,0.0,0.0,1.0,0.0,0.0,1.0
NCT01768520,3,35,75,1,0.0,0.0,1.0,1.0,0.0,1.0
NCT03398135,45,16,80,1,0.0,0.0,1.0,0.0,0.0,7.0
NCT00101582,45,18,130,5,0.0,0.0,1.0,0.0,0.0,1.0
NCT01128959,15,18,130,1,0.0,0.0,0.0,0.0,0.0,1.0
NCT02187809,7,1,16,1,0.0,0.0,0.0,0.0,0.0,1.0
NCT02954887,9,0,2,1,0.0,0.0,0.0,0.0,0.0,1.0
NCT04165824,14,18,75,1,0.0,0.0,0.0,0.0,0.0,1.0
NCT03306043,42,12,130,1,0.0,0.0,0.0,0.0,0.0,1.0
NCT00097370,32,18,75,1,0.0,0.0,0.0,0.0,0.0,1.0
NCT02980133,28,4,11,1,0.0,0.0,1.0,0.0,0.0,3.0
NCT02935699,5,18,130,1,0.0,0.0,0.0,1.0,0.0,1.0
NCT00034853,7,2,17,1,0.0,0.0,0.0,0.0,0.0,0.0
NCT03955146,47,40,85,1,0.0,0.0,2.0,0.0,0.0,4.0
NCT04320940,14,0,0,1,0.0,0.0,0.0,2.0,0.0,0.0
NCT04123405,9,14,75,1,0.0,0.0,1.0,0.0,0.0,3.0
NCT03031782,24,2,17,2,0.0,0.0,1.0,0.0,0.0,1.0
NCT01844518,54,2,17,1,0.0,0.0,0.0,0.0,0.0,1.0
NCT05288283,22,1,18,1,0.0,0.0,1.0,0.0,0.0,1.0
NCT03000439,84,2,17,1,0.0,0.0,1.0,0.0,0.0,1.0
NCT04678856,19,18,130,5,0.0,0.0,1.0,0.0,0.0,1.0
NCT04684524,21,6,130,1,0.0,0.0,1.0,0.0,0.0,1.0
NCT05295459,28,18,130,2,0.0,0.0,0.0,0.0,1.0,1.0
NCT01284556,5,17,70,1,0.0,0.0,1.0,0.0,0.0,2.0
NCT03773978,62,2,17,1,0.0,0.0,1.0,0.0,0.0,1.0
NCT02936635,38,18,130,1,0.0,0.0,0.0,0.0,0.0,2.0
NCT03569007,20,18,130,1,0.0,0.0,1.0,2.0,0.0,0.0
NCT05163314,11,2,56,2,0.0,0.0,0.0,0.0,0.0,1.0
NCT03960580,29,18,130,1,0.0,0.0,1.0,2.0,0.0,0.0
NCT04681729,18,12,80,1,0.0,0.0,1.0,0.0,0.0,1.0
NCT02898454,31,18,130,1,0.0,0.0,1.0,0.0,0.0,2.0
NCT01336621,85,18,130,1,0.0,0.0,0.0,0.0,0.0,1.0
NCT05024058,16,12,130,1,0.0,0.0,3.0,0.0,0.0,5.0
NCT02277444,90,2,17,1,0.0,0.0,0.0,0.0,0.0,1.0
NCT05604170,7,1,65,1,0.0,0.0,0.0,0.0,0.0,1.0
NCT02834793,23,2,130,1,0.0,0.0,1.0,0.0,0.0,1.0
NCT00249210,6,18,130,2,0.0,0.0,0.0,0.0,0.0,0.0
NCT00908453,2,2,130,1,0.0,0.0,0.0,0.0,0.0,3.0
NCT03201900,9,12,74,1,0.0,0.0,0.0,0.0,0.0,1.0
NCT05905783,28,18,130,1,0.0,0.0,0.0,0.0,0.0,2.0
NCT01468233,18,18,99,1,0.0,0.0,2.0,0.0,0.0,4.0
NCT03398837,27,18,130,1,0.0,0.0,1.0,0.0,0.0,2.0
NCT06230224,21,18,130,1,0.0,0.0,0.0,1.0,0.0,1.0
NCT01364597,104,0,17,1,0.0,0.0,0.0,0.0,0.0,1.0
NCT06267001,12,18,130,1,0.0,0.0,1.0,0.0,0.0,1.0
NCT03796676,31,12,17,1,0.0,0.0,1.0,0.0,0.0,2.0
NCT04146363,32,12,130,1,0.0,0.0,1.0,0.0,0.0,3.0
NCT03841773,7,18,75,1,0.0,0.0,1.0,0.0,0.0,1.0
NCT03842969,61,25,130,1,0.0,0.0,0.0,0.0,0.0,2.0
NCT05866926,4,18,80,1,0.0,0.0,0.0,0.0,0.0,2.0
NCT02003222,567,30,70,2,0.0,0.0,0.0,1.0,0.0,1.0
NCT03914612,438,18,130,16,0.0,0.0,0.0,1.0,0.0,1.0
NCT05021536,10,18,130,1,0.0,0.0,1.0,0.0,0.0,1.0
NCT03421496,28,0,2,1,0.0,0.0,1.0,0.0,0.0,1.0
NCT04639310,17,0,6,8,0.0,0.0,1.0,0.0,0.0,1.0
NCT01897896,24,18,130,1,0.0,0.0,0.0,0.0,0.0,2.0
NCT02999178,53,18,130,1,0.0,0.0,1.0,0.0,0.0,1.0
NCT02500381,88,6,13,1,0.0,0.0,1.0,0.0,0.0,2.0
NCT04963270,42,12,130,1,0.0,0.0,1.0,0.0,0.0,1.0
NCT01865084,32,7,14,1,0.0,0.0,0.0,0.0,0.0,3.0
NCT05096221,21,4,7,1,0.0,0.0,1.0,0.0,0.0,1.0
NCT02408523,65,4,130,1,0.0,0.0,1.0,0.0,0.0,1.0
NCT02477839,82,0,3,1,0.0,0.0,1.0,0.0,0.0,1.0
NCT03579966,10,18,130,2,0.0,0.0,0.0,0.0,0.0,1.0
NCT05403541,24,18,130,1,0.0,0.0,2.0,0.0,0.0,4.0
NCT02814019,25,10,130,1,0.0,0.0,1.0,0.0,0.0,1.0
NCT04248465,17,18,130,2,0.0,0.0,1.0,0.0,0.0,1.0
NCT03836716,11,18,130,1,0.0,0.0,0.0,0.0,0.0,1.0
NCT04632940,20,6,11,1,0.0,0.0,1.0,0.0,0.0,1.0
NCT05249556,4,0,2,1,0.0,0.0,1.0,0.0,0.0,1.0
NCT02851797,30,6,17,1,0.0,0.0,1.0,1.0,0.0,0.0
NCT02741271,34,5,11,1,0.0,0.0,0.0,1.0,0.0,1.0
NCT03070119,22,18,130,1,0.0,0.0,0.0,0.0,0.0,1.0
NCT02065570,25,18,75,1,0.0,0.0,0.0,0.0,0.0,4.0
NCT03971422,52,18,130,1,0.0,0.0,1.0,0.0,0.0,2.0
NCT01803412,18,5,130,1,0.0,0.0,0.0,0.0,0.0,3.0
NCT02477618,36,2,130,1,0.0,0.0,1.0,1.0,0.0,0.0
NCT05644561,14,0,130,2,0.0,0.0,0.0,0.0,0.0,1.0
NCT02301624,7,18,130,1,0.0,0.0,0.0,0.0,0.0,2.0
NCT03336450,8,0,18,1,0.0,0.0,0.0,0.0,0.0,1.0
NCT01728077,32,16,130,1,0.0,0.0,0.0,0.0,0.0,1.0
NCT02544763,12,1,65,2,0.0,0.0,1.0,0.0,0.0,2.0
NCT02224703,12,2,18,2,0.0,0.0,1.0,0.0,0.0,2.0
NCT01921205,55,4,16,1,0.0,0.0,1.0,0.0,0.0,1.0
NCT04102501,12,12,50,1,0.0,0.0,1.0,0.0,0.0,1.0
NCT03355209,62,2,35,1,0.0,0.0,1.0,0.0,0.0,2.0
NCT04115293,44,18,74,1,0.0,0.0,1.0,0.0,0.0,1.0
NCT01463306,135,0,66,2,0.0,0.0,0.0,0.0,0.0,1.0
NCT04818671,12,18,130,1,0.0,0.0,0.0,0.0,0.0,1.0
NCT03085797,119,18,130,1,0.0,0.0,1.0,0.0,0.0,1.0
NCT01626378,13,0,79,1,0.0,0.0,1.0,0.0,0.0,1.0
NCT00133198,15,18,80,1,0.0,0.0,0.0,0.0,0.0,0.0
NCT00363857,47,18,79,2,0.0,0.0,0.0,0.0,0.0,0.0
NCT02153645,12,30,85,2,0.0,0.0,1.0,0.0,0.0,2.0
NCT00069121,74,18,130,1,0.0,0.0,0.0,1.0,0.0,1.0
NCT03703882,37,4,7,1,0.0,0.0,1.0,0.0,0.0,1.0
NCT04951622,56,18,130,1,0.0,0.0,1.0,0.0,0.0,1.0
NCT04281485,70,4,7,1,0.0,2.0,0.0,0.0,0.0,0.0
NCT03710603,11,18,70,1,0.0,0.0,0.0,1.0,0.0,1.0
NCT02397057,14,18,130,1,0.0,0.0,1.0,1.0,0.0,0.0
NCT03770403,13,18,130,1,0.0,0.0,0.0,0.0,0.0,1.0
NCT02799381,34,30,130,1,0.0,0.0,0.0,1.0,0.0,1.0
NCT01960842,10,30,130,1,0.0,0.0,0.0,0.0,0.0,1.0
NCT01854658,14,40,80,1,0.0,0.0,1.0,0.0,0.0,3.0
NCT03920293,24,0,130,1,0.0,0.0,1.0,0.0,0.0,1.0
NCT04714359,31,18,130,1,0.0,0.0,0.0,0.0,0.0,1.0
NCT03759366,13,0,130,3,0.0,0.0,0.0,0.0,0.0,1.0
NCT02579850,10,40,130,1,0.0,0.0,0.0,1.0,0.0,1.0
NCT06422377,3,2,65,2,0.0,0.0,0.0,0.0,0.0,1.0
NCT02518139,14,40,130,1,0.0,0.0,0.0,1.0,0.0,2.0
NCT04456673,43,40,85,1,0.0,0.0,1.0,0.0,0.0,1.0
NCT03573817,6,40,130,1,0.0,0.0,2.0,0.0,0.0,2.0
NCT02119286,16,40,130,1,0.0,0.0,0.0,0.0,0.0,3.0
NCT01697696,10,40,130,1,0.0,0.0,0.0,1.0,0.0,1.0
NCT04535986,54,40,80,1,0.0,0.0,1.0,0.0,0.0,1.0
NCT03095456,12,40,130,2,0.0,0.0,0.0,1.0,0.0,1.0
NCT02164513,160,40,130,1,0.0,0.0,0.0,0.0,0.0,3.0
NCT01089127,4,40,130,1,0.0,0.0,1.0,1.0,0.0,4.0
NCT01431287,44,40,130,1,0.0,0.0,0.0,3.0,0.0,2.0
NCT01032304,3,40,80,1,0.0,0.0,1.0,0.0,0.0,1.0
NCT02886728,29,18,130,1,0.0,0.0,0.0,1.0,0.0,3.0
NCT00225862,7,18,79,1,0.0,0.0,0.0,0.0,0.0,0.0
NCT02465567,19,40,80,1,0.0,0.0,0.0,0.0,0.0,4.0
NCT01682863,12,40,130,1,0.0,0.0,0.0,1.0,0.0,2.0
NCT01772147,16,40,130,1,0.0,0.0,0.0,1.0,0.0,1.0
NCT02276222,16,40,130,1,0.0,0.0,0.0,1.0,0.0,1.0
NCT04472429,36,18,130,1,0.0,0.0,1.0,0.0,0.0,1.0
NCT02157935,20,40,95,1,0.0,0.0,0.0,2.0,0.0,0.0
NCT02296138,39,40,130,1,0.0,0.0,0.0,1.0,0.0,1.0
NCT02165826,5,40,130,1,0.0,0.0,0.0,0.0,0.0,3.0
NCT04569084,62,18,75,1,0.0,0.0,0.0,0.0,0.0,2.0
NCT03311464,19,18,130,1,0.0,0.0,0.0,0.0,0.0,1.0
NCT05006573,25,18,130,1,0.0,0.0,1.0,0.0,0.0,1.0
NCT03460704,9,18,130,1,0.0,0.0,1.0,0.0,0.0,1.0
NCT02104245,36,18,130,1,0.0,0.0,1.0,0.0,0.0,1.0
NCT02597933,57,18,130,1,0.0,0.0,1.0,0.0,0.0,1.0
NCT02326740,10,18,130,1,0.0,0.0,1.0,0.0,0.0,2.0
NCT02347332,6,18,80,1,0.0,0.0,0.0,1.0,0.0,1.0
NCT01519791,64,18,130,1,0.0,0.0,1.0,0.0,0.0,1.0
NCT02647762,13,18,75,1,0.0,0.0,1.0,1.0,0.0,2.0
NCT00350415,12,18,75,1,0.0,0.0,0.0,1.0,0.0,1.0
NCT01202773,33,18,130,1,0.0,0.0,1.0,0.0,0.0,2.0
