active_not_recruiting_days,completed_days,not_yet_recruiting_days,recruiting_days,suspended_days,terminated_days,enrolling_by_invitation_days,unknown_days,withheld_days,Trial_ID
2723.0,634.0,25.0,688.0,0.0,0.0,0.0,0.0,0.0,NCT02125461
3038.0,1181.0,74.0,316.0,0.0,0.0,0.0,0.0,0.0,NCT01721746
112.0,0.0,27.0,2037.0,0.0,0.0,0.0,0.0,0.0,NCT04008030
784.0,1188.0,106.0,1412.0,0.0,0.0,0.0,0.0,0.0,NCT02617589
1410.0,2979.0,116.0,1358.0,0.0,0.0,0.0,0.0,0.0,NCT00910247
2886.0,1208.0,63.0,530.0,0.0,0.0,0.0,0.0,0.0,NCT01668784
3319.0,32.0,71.0,517.0,0.0,0.0,0.0,0.0,0.0,NCT02231749
2988.0,1232.0,99.0,399.0,0.0,0.0,0.0,0.0,0.0,NCT01642004
1350.0,1678.0,34.0,497.0,0.0,0.0,0.0,0.0,0.0,NCT02555657
1871.0,1090.0,33.0,637.0,0.0,0.0,0.0,0.0,0.0,NCT02494583
2513.0,0.0,111.0,788.0,0.0,0.0,0.0,0.0,0.0,NCT02684292
3183.0,0.0,190.0,407.0,0.0,0.0,0.0,0.0,0.0,NCT02362594
1490.0,3119.0,155.0,829.0,0.0,0.0,0.0,0.0,0.0,NCT01074047
1511.0,0.0,95.0,319.0,0.0,0.0,0.0,0.0,0.0,NCT04303780
824.0,140.0,16.0,595.0,301.0,1657.0,0.0,0.0,0.0,NCT02576977
952.0,2014.0,0.0,516.0,0.0,0.0,0.0,0.0,0.0,NCT02625623
1299.0,1456.0,14.0,713.0,0.0,0.0,0.0,0.0,0.0,NCT02625610
2708.0,0.0,58.0,478.0,0.0,0.0,0.0,0.0,0.0,NCT02853331
1862.0,994.0,38.0,1060.0,0.0,0.0,0.0,0.0,0.0,NCT02220894
1269.0,1530.0,55.0,1491.0,0.0,0.0,0.0,0.0,0.0,NCT01908426
72.0,0.0,83.0,293.0,0.0,654.0,0.0,0.0,0.0,NCT05418673
1974.0,454.0,8.0,1097.0,0.0,0.0,0.0,0.0,0.0,NCT02576574
2187.0,350.0,53.0,823.0,0.0,0.0,0.0,0.0,0.0,NCT02684006
571.0,2341.0,30.0,360.0,0.0,0.0,0.0,0.0,0.0,NCT02788279
735.0,2127.0,117.0,1204.0,0.0,0.0,0.0,0.0,0.0,NCT02027428
1337.0,2334.0,83.0,456.0,0.0,0.0,0.0,0.0,0.0,NCT02008227
3733.0,361.0,56.0,280.0,0.0,0.0,0.0,0.0,0.0,NCT01844505
1590.0,929.0,9.0,802.0,0.0,0.0,0.0,0.0,0.0,NCT02763579
162.0,2082.0,77.0,800.0,0.0,0.0,0.0,0.0,0.0,NCT02979899
1490.0,1365.0,38.0,816.0,0.0,0.0,0.0,0.0,0.0,NCT02425891
0.0,0.0,491.0,100.0,205.0,0.0,0.0,0.0,0.0,NCT05827081
1029.0,3575.0,197.0,819.0,0.0,0.0,0.0,0.0,0.0,NCT01057810
754.0,2924.0,114.0,1205.0,0.0,0.0,0.0,0.0,0.0,NCT01450761
415.0,119.0,65.0,1629.0,0.0,19.0,0.0,0.0,0.0,NCT03924869
0.0,0.0,199.0,187.0,0.0,5067.0,0.0,0.0,0.0,NCT01161498
1174.0,3912.0,187.0,822.0,0.0,0.0,0.0,0.0,0.0,NCT00769704
546.0,0.0,30.0,643.0,0.0,2986.0,0.0,0.0,0.0,NCT02013167
2298.0,0.0,63.0,593.0,0.0,0.0,0.0,0.0,0.0,NCT03155997
2247.0,1102.0,315.0,1793.0,0.0,0.0,0.0,0.0,0.0,NCT01160211
0.0,7298.0,0.0,0.0,0.0,0.0,0.0,0.0,0.0,NCT00002093
414.0,385.0,104.0,750.0,0.0,180.0,0.0,0.0,0.0,NCT04427072
1614.0,3975.0,0.0,309.0,0.0,0.0,0.0,0.0,0.0,NCT00887822
1979.0,719.0,94.0,904.0,0.0,0.0,0.0,0.0,0.0,NCT02437318
672.0,3085.0,193.0,299.0,0.0,0.0,0.0,0.0,0.0,NCT01974752
1001.0,414.0,0.0,248.0,0.0,829.0,0.0,0.0,0.0,NCT03642132
2872.0,0.0,118.0,1101.0,0.0,0.0,0.0,0.0,0.0,NCT02107703
818.0,3302.0,0.0,895.0,0.0,0.0,0.0,0.0,0.0,NCT01440088
1027.0,0.0,179.0,528.0,0.0,636.0,0.0,0.0,0.0,NCT03786094
0.0,234.0,0.0,1007.0,0.0,3294.0,0.0,0.0,0.0,NCT01770379
3961.0,180.0,214.0,786.0,0.0,0.0,0.0,0.0,0.0,NCT01358877
449.0,3268.0,7.0,936.0,0.0,0.0,0.0,0.0,0.0,NCT01684878
1296.0,412.0,191.0,1090.0,0.0,2261.0,0.0,0.0,0.0,NCT01287741
0.0,4578.0,0.0,857.0,0.0,0.0,0.0,0.0,0.0,NCT01174004
813.0,3888.0,178.0,731.0,0.0,0.0,0.0,0.0,0.0,NCT01064401
2594.0,1151.0,147.0,726.0,0.0,0.0,0.0,0.0,0.0,NCT01715285
1474.0,2309.0,47.0,1788.0,0.0,0.0,0.0,0.0,0.0,NCT01059630
1218.0,0.0,31.0,3119.0,0.0,0.0,0.0,0.0,0.0,NCT01892722
231.0,1258.0,84.0,2126.0,0.0,0.0,0.0,0.0,0.0,NCT02435433
1851.0,1032.0,86.0,908.0,0.0,0.0,0.0,0.0,0.0,NCT02285062
2399.0,1205.0,0.0,3582.0,107.0,0.0,0.0,0.0,0.0,NCT00026312
371.0,2342.0,142.0,1574.0,0.0,0.0,0.0,0.0,0.0,NCT01846611
4111.0,2586.0,0.0,601.0,0.0,0.0,0.0,0.0,0.0,NCT00073528
2136.0,3590.0,0.0,1312.0,94.0,0.0,0.0,0.0,0.0,NCT00262847
4529.0,327.0,143.0,748.0,0.0,0.0,0.0,0.0,0.0,NCT00981058
2972.0,269.0,118.0,321.0,0.0,0.0,0.0,0.0,0.0,NCT02451943
3165.0,1361.0,180.0,626.0,0.0,0.0,0.0,0.0,0.0,NCT01239797
1001.0,2741.0,130.0,958.0,0.0,0.0,0.0,0.0,0.0,NCT01564784
2286.0,0.0,0.0,846.0,0.0,0.0,0.0,0.0,0.0,NCT02970318
1168.0,1357.0,71.0,439.0,0.0,0.0,0.0,0.0,0.0,NCT03066778
1080.0,2639.0,0.0,2279.0,0.0,0.0,0.0,0.0,0.0,NCT00822393
1070.0,1238.0,367.0,908.0,0.0,0.0,0.0,0.0,0.0,NCT02535091
160.0,4036.0,0.0,1101.0,0.0,0.0,0.0,0.0,0.0,NCT01261325
0.0,0.0,201.0,1728.0,0.0,3233.0,0.0,0.0,0.0,NCT01345669
2199.0,2734.0,0.0,582.0,0.0,0.0,0.0,0.0,0.0,NCT01121393
1420.0,2736.0,37.0,693.0,0.0,0.0,0.0,0.0,0.0,NCT01523587
669.0,3479.0,0.0,925.0,0.0,0.0,0.0,0.0,0.0,NCT01405053
1789.0,0.0,114.0,1127.0,0.0,0.0,0.0,0.0,0.0,NCT03070392
917.0,2693.0,218.0,792.0,0.0,0.0,0.0,0.0,0.0,NCT01713946
590.0,1011.0,0.0,2017.0,0.0,0.0,0.0,0.0,0.0,NCT02504489
1474.0,2045.0,11.0,373.0,0.0,0.0,0.0,0.0,0.0,NCT02264574
2795.0,670.0,128.0,656.0,0.0,0.0,0.0,0.0,0.0,NCT01974440
0.0,0.0,0.0,1367.0,0.0,152.0,0.0,0.0,0.0,NCT04855747
28.0,2775.0,0.0,358.0,0.0,0.0,0.0,0.0,0.0,NCT02942004
461.0,0.0,80.0,831.0,0.0,1778.0,0.0,0.0,0.0,NCT02952586
1598.0,523.0,27.0,460.0,0.0,0.0,0.0,0.0,0.0,NCT03511664
3040.0,670.0,153.0,802.0,0.0,0.0,0.0,0.0,0.0,NCT01682083
2020.0,223.0,0.0,634.0,0.0,0.0,118.0,0.0,0.0,NCT03104374
1831.0,2821.0,8.0,554.0,0.0,0.0,0.0,0.0,0.0,NCT01311687
1685.0,259.0,153.0,2127.0,0.0,0.0,0.0,0.0,0.0,NCT01996865
57.0,3701.0,23.0,845.0,0.0,0.0,0.0,0.0,0.0,NCT01709578
1383.0,500.0,0.0,875.0,0.0,0.0,0.0,0.0,0.0,NCT03358875
1244.0,2141.0,125.0,1017.0,0.0,0.0,0.0,0.0,0.0,NCT01774344
173.0,0.0,314.0,1401.0,0.0,2107.0,0.0,0.0,0.0,NCT02187367
1442.0,711.0,216.0,155.0,0.0,0.0,0.0,0.0,0.0,NCT03594747
988.0,2054.0,0.0,700.0,0.0,0.0,0.0,0.0,0.0,NCT02395172
2154.0,2267.0,24.0,357.0,0.0,0.0,0.0,0.0,0.0,NCT01584648
826.0,2169.0,0.0,699.0,0.0,0.0,0.0,0.0,0.0,NCT02436668
168.0,3829.0,70.0,543.0,0.0,0.0,0.0,0.0,0.0,NCT01721057
1098.0,3191.0,61.0,1246.0,0.0,0.0,0.0,0.0,0.0,NCT01072981
697.0,3219.0,229.0,1915.0,0.0,0.0,0.0,0.0,0.0,NCT00790036
206.0,1474.0,0.0,710.0,0.0,0.0,0.0,0.0,0.0,NCT03761225
683.0,3651.0,0.0,599.0,0.0,0.0,0.0,0.0,0.0,NCT01492686
261.0,333.0,133.0,1369.0,0.0,0.0,0.0,0.0,0.0,NCT04100018
716.0,2125.0,52.0,449.0,0.0,0.0,0.0,0.0,0.0,NCT02752074
564.0,3717.0,12.0,479.0,0.0,0.0,0.0,0.0,0.0,NCT01605227
1091.0,3556.0,35.0,994.0,0.0,0.0,0.0,0.0,0.0,NCT01023308
1988.0,580.0,13.0,531.0,0.0,0.0,0.0,0.0,0.0,NCT02990338
2338.0,1537.0,2.0,523.0,0.0,0.0,0.0,0.0,0.0,NCT01865747
0.0,0.0,0.0,451.0,0.0,4259.0,0.0,0.0,0.0,NCT01650805
560.0,0.0,119.0,1272.0,0.0,0.0,0.0,0.0,0.0,NCT04269200
1268.0,1481.0,0.0,2541.0,0.0,0.0,0.0,0.0,0.0,NCT01265849
723.0,0.0,0.0,1458.0,0.0,2600.0,0.0,0.0,0.0,NCT01599754
1207.0,3281.0,0.0,503.0,0.0,0.0,0.0,0.0,0.0,NCT01454934
1278.0,952.0,35.0,794.0,0.0,0.0,0.0,0.0,0.0,NCT03038100
3527.0,0.0,53.0,344.0,0.0,0.0,0.0,0.0,0.0,NCT02246621
0.0,0.0,0.0,1504.0,0.0,216.0,0.0,0.0,0.0,NCT04572243
1208.0,5495.0,0.0,528.0,0.0,0.0,0.0,0.0,0.0,NCT00139841
3097.0,0.0,24.0,1169.0,0.0,0.0,0.0,0.0,0.0,NCT01946204
1459.0,2248.0,81.0,639.0,0.0,0.0,0.0,0.0,0.0,NCT01847274
529.0,0.0,9.0,1023.0,0.0,0.0,0.0,0.0,0.0,NCT04793958
2895.0,0.0,0.0,1318.0,0.0,0.0,0.0,0.0,0.0,NCT02003924
939.0,2715.0,328.0,2870.0,0.0,0.0,0.0,0.0,0.0,NCT00375674
1482.0,102.0,61.0,592.0,0.0,0.0,0.0,0.0,0.0,NCT03937219
1205.0,3162.0,0.0,823.0,0.0,0.0,0.0,0.0,0.0,NCT01327885
1129.0,3630.0,127.0,1182.0,0.0,0.0,0.0,0.0,0.0,NCT00785785
602.0,3840.0,137.0,779.0,0.0,0.0,0.0,0.0,0.0,NCT01223027
4723.0,1245.0,0.0,1115.0,0.0,0.0,0.0,0.0,0.0,NCT00281658
574.0,4197.0,0.0,1954.0,0.0,0.0,0.0,0.0,0.0,NCT00424255
644.0,266.0,271.0,1349.0,0.0,0.0,0.0,0.0,0.0,NCT03596866
2288.0,866.0,89.0,471.0,0.0,0.0,0.0,0.0,0.0,NCT02422615
664.0,3976.0,80.0,298.0,0.0,0.0,0.0,0.0,0.0,NCT01437787
1047.0,3591.0,0.0,652.0,0.0,0.0,0.0,0.0,0.0,NCT01265901
2418.0,2370.0,80.0,1045.0,0.0,0.0,0.0,0.0,0.0,NCT00878709
3590.0,0.0,11.0,1284.0,0.0,0.0,0.0,1400.0,0.0,NCT00651261
2072.0,1508.0,123.0,844.0,0.0,0.0,0.0,0.0,0.0,NCT01761266
3352.0,63.0,144.0,568.0,0.0,0.0,0.0,0.0,0.0,NCT02075840
624.0,448.0,46.0,700.0,0.0,1027.0,0.0,0.0,0.0,NCT03273153
3290.0,0.0,36.0,537.0,0.0,0.0,0.0,0.0,0.0,NCT02296125
3430.0,0.0,141.0,648.0,0.0,0.0,0.0,0.0,0.0,NCT02000622
2821.0,511.0,113.0,1006.0,0.0,0.0,0.0,0.0,0.0,NCT01828099
1911.0,0.0,98.0,967.0,0.0,2614.0,0.0,0.0,0.0,NCT01077154
394.0,3029.0,34.0,764.0,0.0,0.0,0.0,0.0,0.0,NCT01999673
117.0,0.0,6.0,1713.0,0.0,2642.0,0.0,0.0,0.0,NCT01813253
333.0,0.0,0.0,874.0,0.0,2852.0,0.0,0.0,0.0,NCT02134015
1393.0,1522.0,0.0,1376.0,0.0,0.0,0.0,0.0,0.0,NCT01945775
0.0,0.0,84.0,349.0,0.0,0.0,0.0,4410.0,0.0,NCT01555710
2481.0,1222.0,91.0,735.0,0.0,0.0,0.0,0.0,0.0,NCT01774721
1013.0,879.0,53.0,1034.0,0.0,0.0,0.0,0.0,0.0,NCT03125902
1248.0,2798.0,0.0,641.0,0.0,0.0,0.0,0.0,0.0,NCT01667562
1301.0,1638.0,0.0,811.0,0.0,0.0,0.0,0.0,0.0,NCT02390947
0.0,0.0,70.0,220.0,0.0,3038.0,0.0,0.0,0.0,NCT02766140
826.0,0.0,66.0,462.0,0.0,2475.0,0.0,0.0,0.0,NCT02322281
0.0,0.0,231.0,1183.0,0.0,0.0,0.0,1593.0,0.0,NCT03095040
1047.0,2218.0,0.0,1186.0,0.0,0.0,0.0,0.0,0.0,NCT01829711
1226.0,1595.0,98.0,1250.0,0.0,0.0,0.0,0.0,0.0,NCT02039726
304.0,0.0,0.0,2935.0,0.0,2023.0,0.0,0.0,0.0,NCT01280565
2274.0,0.0,34.0,751.0,0.0,600.0,0.0,0.0,0.0,NCT02470585
1232.0,2138.0,0.0,721.0,0.0,0.0,0.0,0.0,0.0,NCT02106546
2217.0,483.0,35.0,1287.0,0.0,0.0,0.0,0.0,0.0,NCT02163694
2083.0,1004.0,72.0,487.0,0.0,0.0,0.0,0.0,0.0,NCT02481830
3429.0,0.0,63.0,817.0,0.0,0.0,0.0,0.0,0.0,NCT01933932
1320.0,364.0,40.0,1012.0,0.0,1071.0,0.0,0.0,0.0,NCT02340221
3015.0,1204.0,75.0,385.0,0.0,0.0,0.0,0.0,0.0,NCT01673867
896.0,3489.0,99.0,1233.0,0.0,0.0,0.0,0.0,0.0,NCT01000025
380.0,0.0,74.0,718.0,0.0,2205.0,0.0,0.0,0.0,NCT02718417
2167.0,0.0,90.0,709.0,0.0,0.0,0.0,0.0,0.0,NCT03141177
745.0,0.0,54.0,911.0,0.0,3365.0,0.0,0.0,0.0,NCT01402908
2717.0,808.0,90.0,709.0,0.0,0.0,0.0,0.0,0.0,NCT01924533
1476.0,858.0,179.0,1488.0,0.0,0.0,0.0,0.0,0.0,NCT02184195
1957.0,696.0,80.0,952.0,0.0,0.0,0.0,0.0,0.0,NCT02449239
3220.0,248.0,64.0,813.0,0.0,0.0,0.0,0.0,0.0,NCT01909453
2966.0,367.0,53.0,1147.0,0.0,0.0,0.0,0.0,0.0,NCT01772472
1024.0,2370.0,12.0,449.0,0.0,0.0,0.0,0.0,0.0,NCT02302807
1284.0,2433.0,0.0,1509.0,0.0,0.0,0.0,0.0,0.0,NCT01303796
0.0,0.0,124.0,527.0,2917.0,0.0,0.0,0.0,0.0,NCT02546102
2409.0,859.0,81.0,842.0,0.0,0.0,68.0,0.0,0.0,NCT01968213
748.0,2954.0,115.0,810.0,0.0,0.0,0.0,0.0,0.0,NCT01707992
3477.0,0.0,135.0,817.0,0.0,0.0,0.0,0.0,0.0,NCT01844986
3658.0,0.0,95.0,636.0,0.0,0.0,0.0,0.0,0.0,NCT01874353
1540.0,830.0,70.0,674.0,0.0,0.0,0.0,0.0,0.0,NCT02987543
175.0,2056.0,107.0,936.0,0.0,0.0,0.0,0.0,0.0,NCT02821416
3301.0,3135.0,31.0,414.0,0.0,0.0,0.0,0.0,0.0,NCT00364351
2083.0,1784.0,64.0,714.0,0.0,0.0,0.0,0.0,0.0,NCT01696084
1830.0,1708.0,46.0,326.0,0.0,0.0,0.0,0.0,0.0,NCT02256436
2561.0,88.0,175.0,890.0,0.0,0.0,0.0,0.0,0.0,NCT02421939
2219.0,1280.0,0.0,714.0,0.0,0.0,0.0,0.0,0.0,NCT02004522
1412.0,1365.0,91.0,524.0,0.0,0.0,0.0,0.0,0.0,NCT02702401
2071.0,1469.0,110.0,399.0,0.0,0.0,0.0,0.0,0.0,NCT02142738
0.0,0.0,14.0,664.0,0.0,5573.0,0.0,0.0,0.0,NCT00673049
1836.0,627.0,32.0,824.0,0.0,0.0,0.0,0.0,0.0,NCT02775435
0.0,0.0,110.0,833.0,0.0,4401.0,0.0,0.0,0.0,NCT01232556
2664.0,1336.0,124.0,1059.0,0.0,0.0,0.0,0.0,0.0,NCT01332968
1019.0,2519.0,19.0,1255.0,0.0,0.0,0.0,0.0,0.0,NCT01578499
3254.0,0.0,10.0,1096.0,0.0,0.0,263.0,0.0,0.0,NCT01712490
615.0,0.0,92.0,1988.0,0.0,0.0,0.0,0.0,26.0,NCT03390504
3330.0,212.0,26.0,180.0,0.0,0.0,0.0,0.0,0.0,NCT02388906
582.0,3294.0,11.0,687.0,0.0,0.0,0.0,0.0,0.0,NCT01746979
0.0,0.0,101.0,796.0,0.0,3380.0,0.0,0.0,0.0,NCT01956812
2229.0,705.0,99.0,499.0,0.0,0.0,0.0,0.0,0.0,NCT02578680
2926.0,0.0,8.0,3475.0,0.0,0.0,0.0,0.0,0.0,NCT00565851
2163.0,1280.0,31.0,617.0,0.0,0.0,0.0,0.0,0.0,NCT02105636
408.0,3455.0,89.0,743.0,0.0,0.0,0.0,0.0,0.0,NCT01662869
1544.0,3881.0,149.0,486.0,0.0,0.0,0.0,0.0,0.0,NCT00789828
584.0,3563.0,77.0,385.0,0.0,0.0,0.0,0.0,0.0,NCT01722487
973.0,754.0,99.0,1028.0,0.0,0.0,0.0,0.0,0.0,NCT03262935
680.0,3036.0,0.0,1239.0,0.0,0.0,0.0,0.0,0.0,NCT01479244
2392.0,1763.0,63.0,666.0,0.0,0.0,0.0,0.0,0.0,NCT01524783
0.0,0.0,210.0,1082.0,0.0,1323.0,0.0,0.0,0.0,NCT03504410
1246.0,2610.0,77.0,1014.0,0.0,0.0,0.0,0.0,0.0,NCT01482962
603.0,4001.0,84.0,1252.0,0.0,0.0,0.0,0.0,0.0,NCT00861614
1474.0,243.0,90.0,1040.0,0.0,0.0,0.0,0.0,0.0,NCT03268954
514.0,1795.0,52.0,746.0,0.0,0.0,0.0,0.0,0.0,NCT02993731
0.0,0.0,0.0,0.0,0.0,3476.0,0.0,0.0,0.0,NCT02629848
2477.0,308.0,167.0,1608.0,0.0,0.0,0.0,0.0,0.0,NCT01757535
35.0,0.0,173.0,134.0,0.0,2707.0,0.0,0.0,0.0,NCT03051607
0.0,0.0,103.0,1024.0,0.0,774.0,0.0,0.0,0.0,NCT04335006
1211.0,1456.0,62.0,1252.0,0.0,0.0,0.0,0.0,0.0,NCT02200614
371.0,0.0,41.0,1421.0,0.0,839.0,0.0,0.0,0.0,NCT03447769
626.0,249.0,130.0,481.0,0.0,1018.0,0.0,0.0,0.0,NCT03626545
394.0,0.0,61.0,1174.0,0.0,2911.0,0.0,0.0,0.0,NCT01767857
147.0,3318.0,54.0,371.0,0.0,0.0,0.0,0.0,0.0,NCT02274766
0.0,0.0,167.0,200.0,0.0,2901.0,0.0,0.0,0.0,NCT02826161
199.0,5212.0,25.0,322.0,0.0,0.0,0.0,0.0,0.0,NCT00974974
521.0,4759.0,227.0,810.0,0.0,0.0,0.0,0.0,0.0,NCT00627640
2669.0,193.0,196.0,859.0,0.0,0.0,0.0,0.0,0.0,NCT02252172
383.0,3814.0,0.0,629.0,0.0,0.0,0.0,0.0,0.0,NCT01568073
1512.0,2231.0,73.0,947.0,0.0,0.0,0.0,0.0,0.0,NCT01610284
2344.0,386.0,52.0,1042.0,0.0,599.0,0.0,0.0,0.0,NCT01849874
793.0,676.0,92.0,761.0,0.0,0.0,0.0,0.0,0.0,NCT03834506
2861.0,1231.0,49.0,468.0,0.0,0.0,0.0,0.0,0.0,NCT01722331
0.0,0.0,91.0,1372.0,0.0,0.0,0.0,3274.0,0.0,NCT01630733
1098.0,3409.0,218.0,0.0,0.0,0.0,0.0,0.0,0.0,NCT01636687
399.0,1061.0,0.0,737.0,0.0,0.0,0.0,0.0,0.0,NCT03986424
733.0,2505.0,28.0,157.0,0.0,0.0,0.0,0.0,0.0,NCT02672852
0.0,0.0,276.0,1187.0,0.0,0.0,0.0,0.0,0.0,NCT04928846
1133.0,0.0,191.0,998.0,0.0,0.0,0.0,0.0,0.0,NCT03834493
80.0,3241.0,208.0,157.0,0.0,0.0,0.0,0.0,0.0,NCT02445807
1071.0,2370.0,31.0,328.0,0.0,0.0,0.0,0.0,0.0,NCT02346240
1329.0,1916.0,0.0,658.0,0.0,0.0,0.0,0.0,0.0,NCT02264990
669.0,0.0,0.0,346.0,0.0,3612.0,0.0,0.0,0.0,NCT01708629
126.0,3022.0,73.0,1171.0,0.0,0.0,0.0,0.0,0.0,NCT01875003
225.0,0.0,43.0,548.0,0.0,2705.0,0.0,0.0,0.0,NCT02588261
0.0,0.0,20.0,965.0,0.0,3513.0,0.0,0.0,0.0,NCT01798485
1579.0,0.0,0.0,784.0,0.0,0.0,0.0,0.0,0.0,NCT03789604
54.0,2980.0,41.0,44.0,0.0,0.0,177.0,0.0,0.0,NCT02797080
3070.0,0.0,152.0,814.0,0.0,0.0,0.0,0.0,0.0,NCT02152631
431.0,4161.0,71.0,906.0,0.0,0.0,0.0,0.0,0.0,NCT01090427
0.0,0.0,869.0,356.0,0.0,699.0,0.0,0.0,0.0,NCT04305327
1139.0,0.0,21.0,1105.0,0.0,0.0,0.0,0.0,0.0,NCT03906071
2344.0,0.0,51.0,930.0,0.0,0.0,0.0,0.0,0.0,NCT02767804
1311.0,0.0,53.0,386.0,62.0,3301.0,0.0,0.0,0.0,NCT01377376
204.0,2979.0,0.0,320.0,0.0,0.0,0.0,0.0,0.0,NCT02606760
71.0,3771.0,63.0,385.0,0.0,0.0,0.0,0.0,0.0,NCT01947491
0.0,0.0,24.0,651.0,0.0,3552.0,0.0,0.0,0.0,NCT01987960
0.0,7298.0,0.0,0.0,0.0,0.0,0.0,0.0,0.0,NCT00042068
203.0,1532.0,3.0,1431.0,163.0,0.0,0.0,0.0,0.0,NCT02760407
690.0,2481.0,93.0,375.0,0.0,0.0,776.0,0.0,0.0,NCT01856309
0.0,3387.0,97.0,1629.0,0.0,0.0,0.0,0.0,0.0,NCT01377012
1026.0,3545.0,128.0,640.0,0.0,0.0,0.0,0.0,0.0,NCT01234311
137.0,0.0,50.0,425.0,0.0,3083.0,0.0,0.0,0.0,NCT02438007
3293.0,0.0,43.0,822.0,0.0,0.0,0.0,0.0,0.0,NCT02048813
190.0,0.0,43.0,659.0,0.0,633.0,0.0,0.0,0.0,NCT04844749
1106.0,3209.0,118.0,984.0,0.0,0.0,0.0,0.0,0.0,NCT01183780
2978.0,3143.0,0.0,669.0,0.0,0.0,0.0,0.0,0.0,NCT00399035
1159.0,3013.0,189.0,1355.0,0.0,0.0,0.0,0.0,0.0,NCT01001377
810.0,0.0,186.0,1023.0,0.0,0.0,0.0,2107.0,0.0,NCT02077868
0.0,0.0,0.0,1116.0,0.0,2387.0,0.0,0.0,0.0,NCT02605044
495.0,1247.0,220.0,1268.0,0.0,0.0,0.0,0.0,0.0,NCT02870582
365.0,3330.0,59.0,446.0,0.0,0.0,0.0,0.0,0.0,NCT02016482
198.0,3216.0,141.0,484.0,0.0,0.0,0.0,0.0,0.0,NCT02149108
19.0,1476.0,5.0,58.0,0.0,0.0,580.0,0.0,0.0,NCT04053387
1765.0,313.0,29.0,349.0,0.0,0.0,0.0,0.0,0.0,NCT03686683
2532.0,0.0,22.0,1280.0,0.0,0.0,0.0,0.0,0.0,NCT02319837
419.0,0.0,46.0,1695.0,0.0,3059.0,0.0,0.0,0.0,NCT01309126
104.0,0.0,493.0,453.0,0.0,3339.0,0.0,0.0,0.0,NCT01875653
1934.0,2202.0,106.0,160.0,0.0,0.0,0.0,0.0,0.0,NCT01866319
2058.0,2077.0,44.0,475.0,0.0,0.0,0.0,0.0,0.0,NCT01689519
2717.0,783.0,101.0,669.0,0.0,0.0,0.0,0.0,0.0,NCT01958021
1750.0,196.0,128.0,993.0,0.0,67.0,0.0,0.0,0.0,NCT02967692
299.0,0.0,159.0,1330.0,0.0,2086.0,0.0,0.0,0.0,NCT02288897
1103.0,91.0,169.0,546.0,0.0,0.0,0.0,0.0,0.0,NCT04322539
1181.0,544.0,0.0,1694.0,0.0,0.0,0.0,0.0,0.0,NCT02678572
3353.0,186.0,82.0,414.0,0.0,0.0,0.0,0.0,0.0,NCT02151981
287.0,2666.0,175.0,69.0,0.0,0.0,0.0,0.0,0.0,NCT02905331
254.0,2973.0,365.0,0.0,0.0,0.0,76.0,0.0,0.0,NCT02462083
44.0,4198.0,40.0,118.0,0.0,0.0,0.0,0.0,0.0,NCT01866163
1886.0,2600.0,164.0,1268.0,0.0,0.0,0.0,0.0,0.0,NCT00876395
0.0,3449.0,0.0,449.0,0.0,0.0,0.0,0.0,0.0,NCT02267135
728.0,2861.0,45.0,574.0,0.0,0.0,0.0,0.0,0.0,NCT02008890
895.0,2964.0,231.0,395.0,0.0,0.0,0.0,0.0,0.0,NCT01807520
1544.0,623.0,0.0,304.0,0.0,0.0,0.0,0.0,0.0,NCT03668613
547.0,1182.0,35.0,508.0,0.0,0.0,0.0,0.0,0.0,NCT03897088
447.0,374.0,153.0,1031.0,0.0,437.0,0.0,0.0,0.0,NCT03701763
259.0,1214.0,136.0,767.0,0.0,0.0,0.0,0.0,0.0,NCT03777436
2852.0,0.0,0.0,624.0,0.0,0.0,0.0,0.0,0.0,NCT02629159
572.0,344.0,103.0,456.0,0.0,2826.0,0.0,0.0,0.0,NCT01939223
0.0,0.0,119.0,0.0,0.0,0.0,0.0,2057.0,0.0,NCT04009317
0.0,1835.0,30.0,1109.0,0.0,0.0,0.0,0.0,0.0,NCT03134872
0.0,0.0,913.0,0.0,0.0,0.0,0.0,1557.0,0.0,NCT03668496
0.0,0.0,143.0,0.0,0.0,0.0,0.0,1866.0,0.0,NCT04203485
1197.0,1784.0,24.0,771.0,0.0,0.0,0.0,0.0,0.0,NCT02367781
0.0,440.0,0.0,1854.0,0.0,0.0,0.0,0.0,0.0,NCT03866993
1600.0,0.0,76.0,1165.0,0.0,0.0,0.0,0.0,0.0,NCT03274492
603.0,144.0,0.0,1281.0,0.0,0.0,0.0,0.0,0.0,NCT04182204
163.0,0.0,88.0,1319.0,0.0,810.0,0.0,0.0,0.0,NCT03773302
1229.0,0.0,0.0,1141.0,0.0,1533.0,0.0,0.0,0.0,NCT02263508
0.0,0.0,2.0,0.0,0.0,0.0,0.0,4807.0,0.0,NCT01579188
0.0,3576.0,62.0,736.0,0.0,0.0,0.0,0.0,0.0,NCT01887886
1078.0,5374.0,0.0,530.0,0.0,0.0,0.0,0.0,0.0,NCT00322452
2538.0,3542.0,0.0,0.0,0.0,0.0,0.0,0.0,0.0,NCT00779402
842.0,654.0,28.0,876.0,0.0,0.0,0.0,0.0,0.0,NCT03750786
2251.0,276.0,128.0,537.0,0.0,0.0,0.0,0.0,0.0,NCT02908672
1392.0,2811.0,19.0,548.0,0.0,0.0,0.0,0.0,0.0,NCT01607957
2295.0,0.0,94.0,1222.0,0.0,0.0,0.0,0.0,0.0,NCT02511106
1143.0,3028.0,285.0,706.0,0.0,0.0,0.0,0.0,0.0,NCT01345682
2834.0,0.0,191.0,613.0,0.0,0.0,0.0,0.0,0.0,NCT02489318
0.0,0.0,735.0,256.0,0.0,0.0,0.0,2500.0,0.0,NCT02615873
546.0,960.0,93.0,1187.0,0.0,0.0,0.0,0.0,0.0,NCT03329508
254.0,4581.0,1050.0,496.0,0.0,0.0,511.0,0.0,0.0,NCT00360568
189.0,1425.0,28.0,827.0,0.0,0.0,0.0,0.0,0.0,NCT03670953
1020.0,0.0,23.0,0.0,0.0,0.0,824.0,0.0,0.0,NCT04379050
2223.0,0.0,41.0,427.0,0.0,0.0,381.0,0.0,0.0,NCT03025308
995.0,4665.0,0.0,0.0,0.0,0.0,636.0,0.0,0.0,NCT00641537
804.0,1286.0,0.0,880.0,0.0,0.0,500.0,0.0,0.0,NCT02634307
533.0,4773.0,0.0,486.0,0.0,0.0,0.0,0.0,0.0,NCT00955526
420.0,3777.0,336.0,1162.0,0.0,0.0,0.0,0.0,0.0,NCT01014208
402.0,2030.0,18.0,318.0,0.0,0.0,0.0,0.0,0.0,NCT03349710
2407.0,82.0,273.0,814.0,0.0,0.0,0.0,0.0,0.0,NCT02541383
947.0,0.0,19.0,1280.0,0.0,419.0,0.0,0.0,0.0,NCT03452137
2003.0,3757.0,0.0,1533.0,0.0,0.0,0.0,0.0,0.0,NCT00085709
305.0,3177.0,297.0,172.0,0.0,0.0,0.0,0.0,0.0,NCT02224560
2438.0,2987.0,52.0,0.0,0.0,0.0,627.0,0.0,0.0,NCT00761774
135.0,3106.0,103.0,1750.0,0.0,0.0,0.0,0.0,0.0,NCT01389596
18.0,2611.0,236.0,1264.0,0.0,0.0,0.0,0.0,0.0,NCT02072824
0.0,0.0,0.0,0.0,0.0,3083.0,516.0,0.0,0.0,NCT02519439
134.0,264.0,183.0,1280.0,0.0,0.0,0.0,0.0,0.0,NCT04391569
645.0,1172.0,0.0,737.0,0.0,0.0,0.0,0.0,0.0,NCT03572933
609.0,3479.0,205.0,795.0,0.0,0.0,0.0,0.0,0.0,NCT01393743
112.0,316.0,130.0,395.0,97.0,1361.0,0.0,0.0,0.0,NCT03739840
662.0,842.0,0.0,0.0,0.0,0.0,1764.0,0.0,0.0,NCT02823145
704.0,696.0,25.0,871.0,0.0,0.0,0.0,0.0,0.0,NCT03864614
614.0,0.0,70.0,562.0,0.0,628.0,0.0,0.0,0.0,NCT04371666
2304.0,3357.0,40.0,661.0,0.0,0.0,656.0,0.0,0.0,NCT00310375
855.0,0.0,57.0,525.0,0.0,634.0,0.0,0.0,0.0,NCT04128696
63.0,5933.0,0.0,316.0,0.0,0.0,0.0,0.0,0.0,NCT00629551
64.0,5967.0,0.0,450.0,0.0,0.0,0.0,0.0,0.0,NCT00531622
1337.0,97.0,43.0,1202.0,0.0,1002.0,0.0,0.0,0.0,NCT02450331
1459.0,942.0,44.0,319.0,0.0,0.0,0.0,0.0,0.0,NCT03353753
151.0,2617.0,133.0,819.0,0.0,0.0,0.0,0.0,0.0,NCT02417064
229.0,2247.0,44.0,630.0,0.0,0.0,0.0,0.0,0.0,NCT02951988
0.0,0.0,52.0,251.0,0.0,2161.0,0.0,0.0,0.0,NCT03675776
2479.0,1063.0,66.0,558.0,0.0,0.0,0.0,0.0,0.0,NCT02041533
245.0,0.0,0.0,393.0,0.0,1545.0,0.0,0.0,0.0,NCT04000009
210.0,4197.0,65.0,665.0,0.0,0.0,0.0,0.0,0.0,NCT01360632
0.0,0.0,20.0,0.0,0.0,1855.0,642.0,0.0,0.0,NCT03610048
0.0,1518.0,0.0,0.0,0.0,0.0,0.0,0.0,0.0,NCT04853407
121.0,3014.0,313.0,711.0,0.0,0.0,0.0,0.0,0.0,NCT02046564
2256.0,458.0,63.0,756.0,0.0,0.0,0.0,0.0,0.0,NCT02576509
0.0,0.0,362.0,181.0,0.0,2450.0,0.0,0.0,0.0,NCT03110575
2347.0,1054.0,14.0,1009.0,0.0,0.0,0.0,0.0,0.0,NCT01850524
1965.0,0.0,118.0,1521.0,0.0,0.0,0.0,0.0,0.0,NCT02516241
2391.0,307.0,59.0,589.0,73.0,0.0,0.0,0.0,0.0,NCT02677896
1568.0,3595.0,52.0,920.0,0.0,0.0,0.0,0.0,0.0,NCT00744497
1064.0,1693.0,106.0,532.0,0.0,0.0,0.0,0.0,0.0,NCT02698475
2194.0,1586.0,1004.0,462.0,0.0,0.0,0.0,0.0,0.0,NCT01290939
1960.0,292.0,47.0,758.0,0.0,0.0,0.0,0.0,0.0,NCT03040999
1611.0,962.0,162.0,762.0,0.0,0.0,0.0,0.0,0.0,NCT02611960
0.0,0.0,8.0,400.0,0.0,2901.0,0.0,0.0,0.0,NCT02785900
761.0,0.0,8.0,1415.0,0.0,0.0,0.0,0.0,0.0,NCT03997123
1667.0,353.0,106.0,1256.0,0.0,969.0,0.0,0.0,0.0,NCT01905592
757.0,2181.0,0.0,975.0,0.0,0.0,0.0,0.0,0.0,NCT02255552
2707.0,482.0,77.0,898.0,0.0,0.0,0.0,0.0,0.0,NCT02043678
1252.0,962.0,51.0,1366.0,0.0,0.0,0.0,0.0,0.0,NCT02492711
1196.0,944.0,22.0,755.0,0.0,0.0,0.0,0.0,0.0,NCT03197935
961.0,641.0,49.0,770.0,0.0,0.0,0.0,0.0,0.0,NCT03726879
0.0,0.0,14.0,1113.0,0.0,0.0,0.0,1413.0,0.0,NCT03588091
1370.0,1253.0,34.0,989.0,0.0,0.0,0.0,0.0,0.0,NCT02482753
442.0,1655.0,740.0,701.0,0.0,0.0,0.0,0.0,0.0,NCT02574455
940.0,577.0,25.0,684.0,42.0,0.0,0.0,0.0,0.0,NCT03901339
876.0,1931.0,13.0,1664.0,0.0,0.0,0.0,0.0,0.0,NCT01808573
945.0,3258.0,29.0,932.0,0.0,0.0,0.0,0.0,0.0,NCT01343277
130.0,0.0,49.0,132.0,0.0,2296.0,0.0,0.0,0.0,NCT03520959
1594.0,0.0,0.0,363.0,0.0,3108.0,0.0,0.0,0.0,NCT01410565
6571.0,0.0,22.0,351.0,354.0,0.0,0.0,0.0,0.0,NCT00098475
1041.0,0.0,132.0,576.0,0.0,874.0,0.0,0.0,0.0,NCT03495921
754.0,0.0,189.0,1063.0,0.0,0.0,0.0,0.0,0.0,NCT04208178
1624.0,0.0,97.0,746.0,0.0,0.0,0.0,0.0,0.0,NCT03673501
451.0,221.0,15.0,2061.0,0.0,0.0,0.0,0.0,0.0,NCT03371017
0.0,0.0,339.0,0.0,0.0,0.0,0.0,1039.0,0.0,NCT05043402
2217.0,0.0,105.0,1854.0,0.0,0.0,0.0,0.0,0.0,NCT02032823
719.0,2268.0,47.0,702.0,0.0,0.0,0.0,0.0,0.0,NCT02402712
682.0,2552.0,40.0,196.0,0.0,0.0,0.0,0.0,0.0,NCT02634801
596.0,3569.0,68.0,986.0,0.0,0.0,0.0,0.0,0.0,NCT01308580
2952.0,366.0,0.0,2128.0,0.0,1656.0,0.0,0.0,0.0,NCT00272987
1568.0,875.0,0.0,637.0,0.0,0.0,0.0,0.0,0.0,NCT03016312
1722.0,770.0,198.0,603.0,0.0,0.0,0.0,0.0,0.0,NCT02799602
1709.0,390.0,71.0,858.0,0.0,0.0,0.0,0.0,0.0,NCT03072238
668.0,1720.0,251.0,657.0,0.0,0.0,0.0,0.0,0.0,NCT02793128
3185.0,0.0,74.0,651.0,0.0,0.0,0.0,0.0,0.0,NCT02257736
916.0,0.0,176.0,1393.0,0.0,0.0,0.0,0.0,0.0,NCT03651128
3419.0,567.0,87.0,476.0,32.0,0.0,0.0,0.0,0.0,NCT01740427
728.0,1111.0,76.0,489.0,0.0,0.0,0.0,0.0,0.0,NCT03745716
427.0,0.0,191.0,665.0,0.0,634.0,0.0,0.0,0.0,NCT04313881
822.0,0.0,25.0,1707.0,0.0,998.0,0.0,0.0,0.0,NCT02562443
1766.0,3167.0,21.0,736.0,0.0,0.0,0.0,0.0,0.0,NCT01015118
1441.0,894.0,0.0,840.0,0.0,0.0,0.0,0.0,0.0,NCT02928224
1691.0,0.0,57.0,856.0,0.0,0.0,0.0,0.0,0.0,NCT03522246
651.0,2435.0,20.0,609.0,0.0,0.0,0.0,0.0,0.0,NCT02421588
0.0,0.0,103.0,0.0,0.0,0.0,0.0,2079.0,0.0,NCT04000295
728.0,234.0,18.0,1025.0,0.0,0.0,0.0,0.0,0.0,NCT04209855
1244.0,0.0,98.0,572.0,380.0,2967.0,0.0,0.0,0.0,NCT01281254
948.0,48.0,0.0,900.0,0.0,3036.0,0.0,0.0,0.0,NCT01493505
1935.0,1054.0,64.0,656.0,0.0,0.0,0.0,0.0,0.0,NCT02426125
1422.0,3106.0,77.0,782.0,0.0,0.0,0.0,0.0,0.0,NCT01204749
525.0,3395.0,31.0,1085.0,0.0,924.0,0.0,0.0,0.0,NCT00849667
293.0,890.0,0.0,1534.0,0.0,0.0,0.0,0.0,0.0,NCT03398655
925.0,1836.0,48.0,666.0,0.0,0.0,0.0,0.0,0.0,NCT02631876
0.0,2159.0,239.0,1120.0,0.0,0.0,0.0,0.0,0.0,NCT02592434
2581.0,0.0,91.0,771.0,0.0,0.0,0.0,0.0,0.0,NCT02655016
1488.0,1057.0,124.0,1212.0,0.0,0.0,0.0,0.0,0.0,NCT02282020
2377.0,0.0,143.0,489.0,0.0,0.0,0.0,0.0,0.0,NCT03091192
680.0,1349.0,66.0,557.0,0.0,0.0,0.0,0.0,0.0,NCT03465722
1438.0,1424.0,160.0,454.0,0.0,0.0,0.0,0.0,0.0,NCT02627963
1244.0,0.0,37.0,734.0,0.0,0.0,0.0,0.0,0.0,NCT04195750
1388.0,971.0,116.0,875.0,0.0,0.0,0.0,0.0,0.0,NCT02741570
1062.0,0.0,213.0,970.0,0.0,2560.0,0.0,0.0,0.0,NCT01582672
1343.0,215.0,0.0,811.0,0.0,703.0,0.0,0.0,0.0,NCT03024996
1766.0,1250.0,26.0,673.0,0.0,0.0,0.0,0.0,0.0,NCT02420821
983.0,0.0,90.0,1118.0,0.0,325.0,0.0,0.0,0.0,NCT03616470
503.0,2933.0,56.0,664.0,0.0,0.0,0.0,0.0,0.0,NCT02049905
455.0,1239.0,80.0,927.0,0.0,0.0,0.0,0.0,0.0,NCT03416179
640.0,0.0,50.0,785.0,0.0,945.0,0.0,0.0,0.0,NCT03729245
921.0,0.0,59.0,1091.0,0.0,0.0,0.0,0.0,0.0,NCT04129502
2596.0,0.0,115.0,144.0,0.0,0.0,0.0,0.0,0.0,NCT03260894
641.0,3098.0,48.0,924.0,0.0,0.0,0.0,0.0,0.0,NCT01649856
2126.0,0.0,99.0,1057.0,0.0,0.0,0.0,0.0,0.0,NCT02811861
716.0,2215.0,58.0,580.0,0.0,0.0,0.0,0.0,0.0,NCT02545504
909.0,0.0,20.0,574.0,0.0,1386.0,0.0,0.0,0.0,NCT03224182
939.0,2237.0,89.0,1423.0,0.0,0.0,0.0,0.0,0.0,NCT01667419
921.0,0.0,88.0,750.0,0.0,0.0,0.0,0.0,0.0,NCT04527991
1145.0,1680.0,118.0,602.0,0.0,0.0,0.0,0.0,0.0,NCT02569242
119.0,0.0,95.0,713.0,0.0,4464.0,0.0,0.0,0.0,NCT01200992
1953.0,0.0,45.0,651.0,0.0,0.0,0.0,0.0,0.0,NCT03474107
353.0,0.0,72.0,1561.0,0.0,0.0,0.0,0.0,0.0,NCT04223856
0.0,0.0,48.0,951.0,0.0,2119.0,0.0,0.0,0.0,NCT02982395
1960.0,0.0,153.0,389.0,0.0,0.0,0.0,0.0,0.0,NCT03631199
1897.0,684.0,144.0,597.0,0.0,0.0,0.0,0.0,0.0,NCT02773849
1375.0,0.0,24.0,1016.0,0.0,0.0,0.0,0.0,0.0,NCT03732677
632.0,3909.0,0.0,707.0,0.0,0.0,0.0,0.0,0.0,NCT01289028
852.0,2250.0,64.0,838.0,0.0,0.0,0.0,0.0,0.0,NCT02178956
1266.0,3001.0,94.0,1043.0,0.0,0.0,0.0,0.0,0.0,NCT01191801
1574.0,693.0,56.0,600.0,0.0,0.0,0.0,0.0,0.0,NCT03189719
601.0,2491.0,84.0,622.0,0.0,0.0,0.0,0.0,0.0,NCT02348489
698.0,1765.0,173.0,547.0,0.0,0.0,0.0,0.0,0.0,NCT02920008
577.0,1618.0,25.0,976.0,0.0,0.0,0.0,0.0,0.0,NCT02907359
1466.0,0.0,21.0,1452.0,0.0,0.0,0.0,0.0,0.0,NCT03173248
1511.0,578.0,264.0,1074.0,0.0,0.0,0.0,0.0,0.0,NCT02668653
1521.0,417.0,19.0,1576.0,0.0,0.0,0.0,0.0,0.0,NCT02577406
1459.0,177.0,63.0,1640.0,0.0,0.0,0.0,0.0,0.0,NCT02752035
1087.0,690.0,167.0,1161.0,0.0,0.0,0.0,0.0,0.0,NCT02997202
2009.0,588.0,36.0,642.0,0.0,0.0,0.0,0.0,0.0,NCT02819518
1126.0,2512.0,52.0,373.0,0.0,0.0,0.0,0.0,0.0,NCT02131064
2105.0,1392.0,95.0,668.0,0.0,0.0,0.0,0.0,0.0,NCT01966471
953.0,502.0,91.0,776.0,0.0,0.0,0.0,0.0,0.0,NCT03834519
199.0,1778.0,145.0,305.0,0.0,0.0,0.0,0.0,0.0,NCT03721172
913.0,2118.0,0.0,1672.0,0.0,0.0,0.0,0.0,0.0,NCT01655693
592.0,0.0,21.0,1319.0,0.0,0.0,0.0,0.0,0.0,NCT04294810
1843.0,47.0,78.0,1046.0,0.0,0.0,0.0,0.0,0.0,NCT03088540
892.0,350.0,115.0,200.0,0.0,1054.0,0.0,0.0,0.0,NCT03515629
83.0,187.0,48.0,965.0,0.0,619.0,0.0,0.0,0.0,NCT04333147
0.0,567.0,95.0,499.0,80.0,733.0,0.0,0.0,0.0,NCT04237116
2970.0,2076.0,129.0,1135.0,0.0,0.0,0.0,0.0,0.0,NCT00636168
1312.0,0.0,52.0,732.0,0.0,0.0,0.0,0.0,0.0,NCT04099251
1114.0,1469.0,42.0,406.0,0.0,0.0,0.0,0.0,0.0,NCT03068455
2440.0,1414.0,82.0,401.0,0.0,272.0,0.0,0.0,0.0,NCT01721772
2078.0,1660.0,0.0,983.0,0.0,0.0,0.0,0.0,0.0,NCT01640808
1247.0,215.0,48.0,824.0,0.0,0.0,0.0,0.0,0.0,NCT03820986
1679.0,0.0,103.0,790.0,0.0,0.0,0.0,0.0,0.0,NCT03553836
820.0,1455.0,63.0,1000.0,0.0,0.0,0.0,0.0,0.0,NCT02753127
3439.0,2107.0,132.0,935.0,0.0,0.0,0.0,0.0,0.0,NCT00471497
1896.0,2742.0,28.0,1330.0,0.0,0.0,0.0,0.0,0.0,NCT00824265
513.0,0.0,0.0,636.0,0.0,2929.0,0.0,0.0,0.0,NCT02117479
1831.0,462.0,78.0,468.0,0.0,0.0,0.0,0.0,0.0,NCT03277105
1036.0,252.0,48.0,235.0,0.0,0.0,0.0,0.0,0.0,NCT04776148
807.0,0.0,314.0,423.0,0.0,0.0,0.0,3702.0,0.0,NCT01290783
503.0,1029.0,79.0,474.0,1252.0,0.0,0.0,0.0,0.0,NCT02755597
1993.0,696.0,129.0,731.0,0.0,0.0,0.0,0.0,0.0,NCT02563002
966.0,1357.0,55.0,734.0,0.0,0.0,0.0,0.0,0.0,NCT02989857
470.0,0.0,83.0,409.0,0.0,3279.0,0.0,0.0,0.0,NCT01980888
0.0,0.0,165.0,853.0,0.0,3101.0,0.0,0.0,0.0,NCT02082522
997.0,148.0,112.0,608.0,0.0,88.0,0.0,0.0,0.0,NCT04266301
0.0,0.0,246.0,0.0,0.0,0.0,0.0,2057.0,0.0,NCT03855384
674.0,0.0,224.0,2372.0,0.0,2320.0,0.0,0.0,0.0,NCT01077518
1614.0,734.0,58.0,224.0,0.0,0.0,0.0,0.0,0.0,NCT03493854
1267.0,0.0,0.0,0.0,0.0,0.0,1503.0,0.0,0.0,NCT03345823
1044.0,971.0,0.0,1517.0,0.0,0.0,0.0,0.0,0.0,NCT02578641
786.0,606.0,7.0,1055.0,0.0,0.0,0.0,0.0,0.0,NCT03689712
0.0,0.0,0.0,0.0,0.0,0.0,0.0,3476.0,0.0,NCT02630264
2596.0,0.0,14.0,148.0,0.0,0.0,0.0,0.0,0.0,NCT03358472
969.0,0.0,0.0,739.0,0.0,0.0,0.0,0.0,0.0,NCT04590963
1214.0,1656.0,114.0,739.0,43.0,0.0,0.0,0.0,0.0,NCT02369874
1595.0,1145.0,35.0,591.0,0.0,0.0,0.0,0.0,0.0,NCT02726581
288.0,1447.0,3.0,1434.0,160.0,0.0,0.0,0.0,0.0,NCT02760433
2055.0,2744.0,133.0,653.0,0.0,0.0,0.0,0.0,0.0,NCT01080391
1342.0,2679.0,94.0,711.0,0.0,0.0,0.0,0.0,0.0,NCT01568866
832.0,0.0,91.0,553.0,0.0,1691.0,0.0,0.0,0.0,NCT02936037
1354.0,1973.0,143.0,946.0,0.0,0.0,0.0,0.0,0.0,NCT01855750
550.0,0.0,35.0,1267.0,0.0,0.0,0.0,0.0,0.0,NCT04404283
1652.0,2169.0,152.0,399.0,0.0,0.0,0.0,0.0,0.0,NCT01889069
2396.0,1208.0,83.0,1142.0,0.0,0.0,0.0,0.0,0.0,NCT01564537
1862.0,192.0,0.0,672.0,0.0,0.0,0.0,0.0,0.0,NCT03391466
790.0,2350.0,23.0,559.0,0.0,0.0,0.0,0.0,0.0,NCT02412878
255.0,319.0,35.0,1691.0,0.0,322.0,0.0,0.0,0.0,NCT03498716
629.0,815.0,173.0,1195.0,0.0,0.0,0.0,0.0,0.0,NCT03306264
1475.0,0.0,13.0,966.0,0.0,0.0,0.0,0.0,0.0,NCT03690388
5797.0,35.0,0.0,1466.0,0.0,0.0,0.0,0.0,0.0,NCT00114101
65.0,1082.0,7.0,237.0,0.0,0.0,0.0,0.0,0.0,NCT05028582
1884.0,326.0,32.0,750.0,0.0,0.0,0.0,0.0,0.0,NCT03110562
1222.0,0.0,29.0,790.0,0.0,0.0,0.0,0.0,0.0,NCT04164901
525.0,3108.0,22.0,815.0,0.0,0.0,0.0,0.0,0.0,NCT01818752
2550.0,277.0,154.0,1005.0,0.0,0.0,0.0,0.0,0.0,NCT02195479
3492.0,109.0,111.0,415.0,0.0,0.0,0.0,0.0,0.0,NCT02076009
2967.0,462.0,153.0,475.0,0.0,0.0,0.0,0.0,0.0,NCT02136134
2651.0,1252.0,99.0,1176.0,0.0,0.0,0.0,0.0,0.0,NCT01335399
1218.0,0.0,307.0,1904.0,0.0,0.0,0.0,0.0,0.0,NCT02665065
402.0,1295.0,67.0,684.0,0.0,168.0,0.0,0.0,0.0,NCT03512197
1410.0,312.0,75.0,495.0,0.0,0.0,0.0,0.0,0.0,NCT03869892
832.0,3479.0,0.0,825.0,0.0,0.0,0.0,0.0,0.0,NCT01360853
1227.0,810.0,46.0,1438.0,0.0,0.0,0.0,0.0,0.0,NCT02589821
269.0,1251.0,443.0,1017.0,0.0,0.0,0.0,0.0,0.0,NCT03126435
0.0,1889.0,15.0,2260.0,0.0,0.0,0.0,0.0,0.0,NCT02043288
419.0,2422.0,68.0,777.0,0.0,0.0,0.0,0.0,0.0,NCT02446899
211.0,670.0,154.0,484.0,0.0,0.0,0.0,0.0,0.0,NCT04851873
408.0,271.0,94.0,683.0,0.0,0.0,0.0,0.0,0.0,NCT04935359
562.0,1467.0,0.0,482.0,0.0,0.0,0.0,0.0,0.0,NCT03611751
0.0,337.0,120.0,1233.0,0.0,879.0,0.0,0.0,0.0,NCT03556202
283.0,5058.0,0.0,147.0,0.0,0.0,0.0,0.0,0.0,NCT01139580
201.0,1882.0,92.0,1003.0,0.0,0.0,0.0,0.0,0.0,NCT02923921
891.0,298.0,25.0,1020.0,0.0,0.0,0.0,0.0,0.0,NCT03941093
1281.0,110.0,140.0,579.0,0.0,0.0,0.0,0.0,0.0,NCT04083235
306.0,0.0,0.0,1049.0,0.0,2023.0,0.0,0.0,0.0,NCT02715804
675.0,1652.0,0.0,59.0,0.0,0.0,0.0,0.0,0.0,NCT03766295
2292.0,1071.0,183.0,717.0,0.0,0.0,0.0,0.0,0.0,NCT01964430
266.0,2454.0,174.0,731.0,0.0,0.0,0.0,0.0,0.0,NCT02500043
1158.0,0.0,0.0,977.0,0.0,2307.0,0.0,0.0,0.0,NCT01836432
79.0,3911.0,134.0,885.0,0.0,0.0,0.0,0.0,0.0,NCT01444092
1188.0,0.0,42.0,1253.0,0.0,0.0,0.0,0.0,0.0,NCT03653507
0.0,0.0,0.0,0.0,0.0,0.0,0.0,2024.0,0.0,NCT04185649
0.0,0.0,221.0,95.0,0.0,0.0,0.0,1577.0,0.0,NCT04342910
1266.0,1777.0,19.0,772.0,0.0,0.0,0.0,0.0,0.0,NCT02322593
100.0,18.0,119.0,1499.0,0.0,1833.0,0.0,0.0,0.0,NCT02545283
1581.0,0.0,72.0,1238.0,0.0,0.0,0.0,0.0,0.0,NCT03221426
1412.0,0.0,51.0,1049.0,0.0,0.0,0.0,0.0,0.0,NCT03615326
1410.0,101.0,63.0,890.0,0.0,0.0,0.0,0.0,0.0,NCT03675737
2155.0,809.0,27.0,1113.0,0.0,1151.0,0.0,0.0,0.0,NCT01285557
1798.0,1446.0,87.0,435.0,0.0,0.0,0.0,0.0,0.0,NCT02370498
893.0,937.0,0.0,854.0,0.0,0.0,0.0,0.0,0.0,NCT03434379
517.0,2931.0,15.0,1099.0,0.0,0.0,0.0,0.0,0.0,NCT01755767
1695.0,2664.0,99.0,1400.0,0.0,7.0,0.0,0.0,0.0,NCT00908752
719.0,0.0,53.0,572.0,0.0,0.0,0.0,0.0,0.0,NCT05089734
2804.0,986.0,132.0,466.0,0.0,0.0,0.0,0.0,0.0,NCT01876784
811.0,223.0,212.0,350.0,0.0,300.0,0.0,0.0,0.0,NCT04340193
3966.0,0.0,119.0,693.0,0.0,0.0,0.0,0.0,0.0,NCT01602380
1632.0,262.0,82.0,457.0,0.0,0.0,0.0,0.0,0.0,NCT03713593
1369.0,0.0,49.0,1402.0,0.0,0.0,0.0,0.0,0.0,NCT03298451
1436.0,937.0,136.0,1334.0,0.0,0.0,0.0,0.0,0.0,NCT02312258
2641.0,2566.0,14.0,657.0,0.0,0.0,0.0,0.0,0.0,NCT00901901
2612.0,622.0,0.0,558.0,0.0,0.0,0.0,0.0,0.0,NCT02352948
3557.0,850.0,286.0,708.0,0.0,0.0,0.0,0.0,0.0,NCT01194570
636.0,276.0,12.0,921.0,0.0,0.0,0.0,0.0,0.0,NCT04411641
1153.0,994.0,75.0,590.0,0.0,0.0,0.0,0.0,0.0,NCT03302234
2564.0,1813.0,20.0,930.0,0.0,0.0,0.0,0.0,0.0,NCT01241500
1757.0,1804.0,95.0,407.0,0.0,0.0,0.0,0.0,0.0,NCT02130557
3210.0,0.0,80.0,636.0,0.0,0.0,0.0,0.0,0.0,NCT02242942
2329.0,1001.0,33.0,849.0,0.0,0.0,0.0,0.0,0.0,NCT02005471
1405.0,283.0,140.0,1568.0,0.0,2257.0,0.0,0.0,0.0,NCT01039376
73.0,2247.0,86.0,597.0,0.0,0.0,0.0,0.0,0.0,NCT03097133
43.0,1131.0,0.0,650.0,0.0,0.0,0.0,0.0,0.0,NCT04442503
242.0,1567.0,27.0,722.0,0.0,0.0,0.0,0.0,0.0,NCT03569475
607.0,0.0,162.0,1728.0,90.0,0.0,0.0,0.0,0.0,NCT03539744
1391.0,1140.0,35.0,387.0,0.0,0.0,0.0,0.0,0.0,NCT03158688
989.0,61.0,63.0,900.0,0.0,0.0,0.0,0.0,0.0,NCT04199104
1680.0,3588.0,14.0,806.0,0.0,0.0,0.0,0.0,0.0,NCT00773747
418.0,0.0,115.0,1119.0,0.0,0.0,0.0,0.0,0.0,NCT04666038
701.0,144.0,179.0,1570.0,0.0,0.0,0.0,0.0,0.0,NCT03524092
288.0,273.0,154.0,674.0,0.0,0.0,0.0,1158.0,0.0,NCT03581786
2427.0,3051.0,7.0,1373.0,0.0,0.0,0.0,0.0,0.0,NCT00372593
113.0,0.0,98.0,609.0,0.0,773.0,0.0,0.0,0.0,NCT04745832
60.0,0.0,541.0,323.0,0.0,3317.0,0.0,0.0,0.0,NCT01980875
1596.0,343.0,21.0,598.0,0.0,2142.0,0.0,0.0,0.0,NCT01659021
135.0,0.0,31.0,697.0,0.0,2650.0,0.0,0.0,0.0,NCT02596893
815.0,2425.0,130.0,980.0,0.0,0.0,0.0,0.0,0.0,NCT01905943
1755.0,2182.0,62.0,827.0,0.0,0.0,0.0,0.0,0.0,NCT01569295
866.0,2134.0,20.0,689.0,0.0,0.0,0.0,0.0,0.0,NCT02425644
2181.0,0.0,46.0,570.0,0.0,0.0,0.0,0.0,0.0,NCT03319667
85.0,446.0,167.0,2077.0,0.0,2618.0,0.0,0.0,0.0,NCT01200589
0.0,0.0,460.0,0.0,0.0,0.0,0.0,0.0,0.0,NCT06313996
1464.0,2055.0,139.0,353.0,0.0,0.0,1112.0,0.0,0.0,NCT01369355
511.0,0.0,0.0,1309.0,0.0,2110.0,0.0,0.0,0.0,NCT02240108
1559.0,0.0,378.0,899.0,0.0,0.0,159.0,0.0,0.0,NCT03105102
422.0,921.0,54.0,1792.0,0.0,0.0,0.0,0.0,0.0,NCT02914561
111.0,0.0,86.0,0.0,0.0,606.0,1415.0,0.0,0.0,NCT03961815
144.0,0.0,169.0,1666.0,0.0,0.0,0.0,0.0,0.0,NCT04232553
432.0,0.0,75.0,2633.0,0.0,595.0,0.0,0.0,0.0,NCT02403323
426.0,112.0,217.0,547.0,0.0,1201.0,0.0,0.0,0.0,NCT03627091
357.0,2194.0,102.0,844.0,0.0,0.0,0.0,0.0,0.0,NCT02611817
329.0,1410.0,215.0,872.0,0.0,0.0,0.0,0.0,0.0,NCT03290781
377.0,1194.0,14.0,646.0,0.0,0.0,0.0,0.0,0.0,NCT03945188
25.0,1805.0,27.0,1842.0,0.0,0.0,0.0,0.0,0.0,NCT02435992
229.0,1952.0,114.0,1842.0,0.0,0.0,0.0,0.0,0.0,NCT02065557
1095.0,0.0,194.0,2195.0,0.0,595.0,0.0,0.0,0.0,NCT02118584
220.0,1761.0,88.0,1119.0,0.0,0.0,0.0,0.0,0.0,NCT02915744
0.0,0.0,274.0,410.0,0.0,3697.0,0.0,0.0,0.0,NCT01882764
921.0,1738.0,362.0,1947.0,0.0,0.0,0.0,0.0,0.0,NCT01470612
0.0,0.0,0.0,322.0,0.0,2925.0,0.0,0.0,0.0,NCT02849951
153.0,1586.0,63.0,682.0,0.0,0.0,0.0,0.0,0.0,NCT03653026
472.0,2488.0,46.0,491.0,0.0,0.0,0.0,0.0,0.0,NCT02611830
735.0,0.0,127.0,2267.0,0.0,0.0,0.0,0.0,0.0,NCT02972840
66.0,2618.0,63.0,849.0,0.0,0.0,0.0,0.0,0.0,NCT02522767
57.0,2391.0,64.0,1595.0,0.0,0.0,0.0,0.0,0.0,NCT02093663
2100.0,266.0,55.0,644.0,0.0,432.0,0.0,0.0,0.0,NCT02612311
1191.0,0.0,322.0,1027.0,15.0,0.0,0.0,0.0,0.0,NCT03570892
806.0,0.0,85.0,589.0,0.0,417.0,0.0,0.0,0.0,NCT04338061
0.0,0.0,0.0,0.0,0.0,0.0,0.0,2434.0,0.0,NCT03710655
825.0,2946.0,0.0,388.0,0.0,0.0,0.0,0.0,0.0,NCT02047734
63.0,0.0,153.0,1038.0,0.0,1942.0,0.0,0.0,0.0,NCT02907177
552.0,1684.0,106.0,959.0,0.0,0.0,0.0,0.0,0.0,NCT02792231
451.0,0.0,48.0,0.0,0.0,0.0,1571.0,0.0,0.0,NCT04130997
1739.0,0.0,0.0,1011.0,0.0,0.0,0.0,0.0,0.0,NCT03368664
234.0,0.0,191.0,401.0,0.0,2390.0,0.0,0.0,0.0,NCT02881567
1247.0,3405.0,0.0,328.0,0.0,0.0,0.0,0.0,0.0,NCT01462318
2139.0,552.0,5.0,1284.0,0.0,0.0,0.0,0.0,0.0,NCT02201108
3570.0,837.0,317.0,595.0,0.0,0.0,0.0,0.0,0.0,NCT01247324
1262.0,1615.0,0.0,360.0,0.0,0.0,0.0,0.0,0.0,NCT02861014
2631.0,612.0,155.0,1291.0,0.0,0.0,0.0,0.0,0.0,NCT01665144
1308.0,571.0,0.0,957.0,0.0,178.0,0.0,0.0,0.0,NCT03085810
316.0,493.0,134.0,1497.0,0.0,952.0,0.0,0.0,0.0,NCT02703272
827.0,0.0,92.0,313.0,0.0,0.0,0.0,0.0,0.0,NCT05232825
152.0,0.0,240.0,903.0,0.0,0.0,0.0,0.0,0.0,NCT05153239
321.0,0.0,105.0,420.0,0.0,0.0,0.0,0.0,0.0,NCT05740566
431.0,1945.0,67.0,595.0,0.0,0.0,0.0,0.0,0.0,NCT03061812
92.0,0.0,29.0,922.0,0.0,2021.0,0.0,0.0,0.0,NCT03033511
1369.0,0.0,0.0,1072.0,0.0,0.0,0.0,0.0,0.0,NCT03703297
576.0,1928.0,316.0,726.0,0.0,0.0,0.0,0.0,0.0,NCT02566993
588.0,3049.0,139.0,763.0,0.0,0.0,0.0,0.0,0.0,NCT01767155
1435.0,117.0,36.0,693.0,0.0,0.0,0.0,0.0,0.0,NCT03884101
580.0,384.0,125.0,1058.0,0.0,3758.0,0.0,0.0,0.0,NCT00883116
1288.0,0.0,0.0,1285.0,0.0,0.0,0.0,0.0,0.0,NCT03555422
1956.0,3221.0,0.0,917.0,0.0,0.0,0.0,0.0,0.0,NCT00770874
1089.0,710.0,43.0,1018.0,0.0,0.0,0.0,0.0,0.0,NCT03257267
1444.0,0.0,74.0,874.0,0.0,852.0,0.0,0.0,0.0,NCT02853604
364.0,0.0,18.0,1242.0,0.0,0.0,0.0,0.0,0.0,NCT04697628
931.0,689.0,18.0,686.0,0.0,0.0,0.0,0.0,0.0,NCT03830866
0.0,0.0,0.0,1230.0,0.0,1295.0,0.0,0.0,0.0,NCT03602495
657.0,1.0,50.0,1293.0,0.0,0.0,0.0,0.0,0.0,NCT04211337
2394.0,2244.0,0.0,562.0,0.0,0.0,0.0,0.0,0.0,NCT01321554
1077.0,153.0,141.0,940.0,0.0,2120.0,0.0,0.0,0.0,NCT01843062
2765.0,355.0,52.0,1024.0,0.0,0.0,0.0,0.0,0.0,NCT02017717
7.0,0.0,101.0,1944.0,0.0,0.0,0.0,1244.0,0.0,NCT02796261
833.0,951.0,55.0,1121.0,0.0,0.0,0.0,0.0,0.0,NCT03149003
655.0,2429.0,14.0,512.0,0.0,0.0,0.0,0.0,0.0,NCT02511405
239.0,4127.0,49.0,237.0,0.0,0.0,0.0,0.0,0.0,NCT01691521
2616.0,3143.0,0.0,323.0,0.0,0.0,0.0,0.0,0.0,NCT00777153
813.0,3106.0,0.0,1030.0,0.0,0.0,0.0,0.0,0.0,NCT01480479
101.0,0.0,87.0,1468.0,0.0,150.0,0.0,0.0,0.0,NCT04464564
0.0,4723.0,0.0,236.0,0.0,0.0,0.0,0.0,0.0,NCT01476904
700.0,3448.0,0.0,799.0,0.0,0.0,0.0,0.0,0.0,NCT01484496
171.0,3362.0,104.0,456.0,0.0,0.0,0.0,0.0,0.0,NCT02104674
546.0,1056.0,507.0,365.0,0.0,0.0,0.0,0.0,0.0,NCT03665441
730.0,175.0,0.0,369.0,0.0,1446.0,0.0,0.0,0.0,NCT03393000
1442.0,3552.0,0.0,815.0,0.0,0.0,0.0,0.0,0.0,NCT00943826
635.0,0.0,77.0,205.0,0.0,2043.0,0.0,0.0,0.0,NCT03149575
1064.0,1152.0,0.0,1323.0,0.0,0.0,0.0,0.0,0.0,NCT02573324
509.0,0.0,86.0,663.0,0.0,133.0,0.0,0.0,0.0,NCT05026177
427.0,0.0,52.0,1845.0,0.0,0.0,0.0,0.0,0.0,NCT03833167
1380.0,2068.0,230.0,1143.0,0.0,0.0,0.0,0.0,0.0,NCT01572038
97.0,0.0,200.0,885.0,0.0,1132.0,0.0,0.0,0.0,NCT03843125
1341.0,259.0,0.0,771.0,0.0,0.0,0.0,0.0,0.0,NCT03783442
696.0,490.0,71.0,1711.0,0.0,0.0,0.0,0.0,0.0,NCT03138512
219.0,0.0,40.0,743.0,0.0,599.0,0.0,0.0,0.0,NCT04729608
383.0,0.0,125.0,1084.0,0.0,0.0,0.0,0.0,0.0,NCT04746924
672.0,614.0,40.0,1170.0,0.0,0.0,0.0,0.0,0.0,NCT03635983
150.0,3111.0,46.0,952.0,0.0,0.0,0.0,0.0,0.0,NCT01968031
320.0,2737.0,0.0,602.0,0.0,0.0,0.0,0.0,0.0,NCT02469090
393.0,2036.0,124.0,523.0,0.0,0.0,0.0,0.0,0.0,NCT03021499
854.0,857.0,141.0,1110.0,0.0,1656.0,0.0,0.0,0.0,NCT01714817
118.0,56.0,225.0,1077.0,0.0,552.0,0.0,0.0,0.0,NCT04181762
133.0,2259.0,18.0,281.0,0.0,0.0,0.0,0.0,0.0,NCT03427151
0.0,0.0,314.0,344.0,0.0,2950.0,0.0,0.0,0.0,NCT02514967
741.0,1420.0,143.0,499.0,0.0,0.0,0.0,0.0,0.0,NCT03312907
160.0,57.0,0.0,823.0,0.0,1560.0,0.0,0.0,0.0,NCT03517722
426.0,2203.0,55.0,1227.0,0.0,0.0,0.0,0.0,0.0,NCT02256150
0.0,3381.0,0.0,0.0,0.0,0.0,1687.0,0.0,0.0,NCT01408576
2792.0,1298.0,0.0,573.0,0.0,1662.0,0.0,0.0,0.0,NCT00626197
735.0,1056.0,68.0,365.0,0.0,0.0,0.0,0.0,0.0,NCT03952806
372.0,3008.0,7.0,482.0,0.0,0.0,0.0,0.0,0.0,NCT02292537
197.0,2904.0,36.0,159.0,0.0,0.0,0.0,0.0,0.0,NCT02796677
283.0,3594.0,24.0,445.0,0.0,0.0,0.0,0.0,0.0,NCT01908595
316.0,2698.0,0.0,155.0,0.0,0.0,0.0,0.0,0.0,NCT02933866
533.0,1907.0,5.0,254.0,0.0,0.0,0.0,0.0,0.0,NCT03412747
152.0,1581.0,0.0,269.0,0.0,0.0,0.0,0.0,0.0,NCT04211389
1632.0,1777.0,110.0,454.0,0.0,0.0,0.0,0.0,0.0,NCT02207244
2065.0,2044.0,15.0,592.0,0.0,0.0,0.0,0.0,0.0,NCT01646177
1435.0,270.0,0.0,671.0,0.0,0.0,0.0,0.0,0.0,NCT03778931
4313.0,2916.0,0.0,0.0,0.0,0.0,0.0,0.0,0.0,NCT00141921
1368.0,333.0,99.0,699.0,0.0,0.0,0.0,0.0,0.0,NCT03631706
1144.0,843.0,526.0,0.0,0.0,0.0,0.0,0.0,0.0,NCT03607539
329.0,0.0,636.0,1037.0,0.0,305.0,0.0,0.0,0.0,NCT03850795
1058.0,1550.0,43.0,134.0,0.0,0.0,0.0,0.0,0.0,NCT03329846
543.0,0.0,8.0,758.0,0.0,1364.0,0.0,0.0,0.0,NCT03445533
251.0,0.0,7.0,1394.0,0.0,0.0,0.0,0.0,0.0,NCT04658862
563.0,2905.0,0.0,470.0,0.0,0.0,0.0,0.0,0.0,NCT02234115
886.0,1914.0,0.0,1285.0,0.0,0.0,0.0,0.0,0.0,NCT02111577
352.0,1257.0,0.0,1407.0,0.0,0.0,0.0,0.0,0.0,NCT03085095
870.0,3510.0,0.0,837.0,0.0,0.0,0.0,0.0,0.0,NCT01310894
1150.0,445.0,0.0,819.0,0.0,0.0,0.0,0.0,0.0,NCT03734016
1514.0,1447.0,59.0,508.0,34.0,0.0,0.0,0.0,0.0,NCT02551159
2395.0,1469.0,102.0,643.0,0.0,0.0,0.0,0.0,0.0,NCT01721876
0.0,1783.0,8.0,1582.0,0.0,0.0,0.0,0.0,0.0,NCT02721069
2310.0,2439.0,0.0,988.0,0.0,0.0,0.0,0.0,0.0,NCT00988156
0.0,0.0,266.0,1662.0,0.0,2950.0,0.0,0.0,0.0,NCT01529034
0.0,0.0,0.0,855.0,0.0,1188.0,0.0,0.0,0.0,NCT04163900
308.0,0.0,158.0,533.0,0.0,509.0,0.0,0.0,0.0,NCT04869943
812.0,3057.0,35.0,812.0,0.0,0.0,0.0,0.0,0.0,NCT01644890
645.0,320.0,42.0,551.0,0.0,0.0,0.0,0.0,0.0,NCT04799249
1860.0,1116.0,17.0,1591.0,0.0,0.0,0.0,0.0,0.0,NCT01734928
797.0,817.0,0.0,419.0,0.0,0.0,0.0,0.0,0.0,NCT04177108
790.0,860.0,55.0,1073.0,0.0,0.0,0.0,0.0,0.0,NCT03337724
841.0,1490.0,31.0,665.0,0.0,0.0,0.0,0.0,0.0,NCT03073200
658.0,489.0,33.0,909.0,0.0,0.0,0.0,0.0,0.0,NCT04109066
1611.0,5687.0,0.0,0.0,0.0,0.0,0.0,0.0,0.0,NCT00069095
1758.0,1860.0,142.0,1069.0,0.0,0.0,0.0,0.0,0.0,NCT01566721
908.0,0.0,64.0,778.0,0.0,0.0,0.0,0.0,0.0,NCT04538664
0.0,2013.0,0.0,0.0,0.0,2138.0,0.0,0.0,0.0,NCT02054338
237.0,2819.0,0.0,1226.0,0.0,0.0,0.0,0.0,0.0,NCT01953003
0.0,0.0,63.0,1149.0,0.0,1746.0,0.0,0.0,0.0,NCT03151408
2196.0,0.0,14.0,897.0,0.0,0.0,0.0,0.0,0.0,NCT02993523
0.0,0.0,185.0,1164.0,0.0,495.0,0.0,0.0,0.0,NCT04409223
0.0,0.0,30.0,1611.0,0.0,0.0,0.0,1607.0,0.0,NCT02847429
2184.0,4080.0,0.0,984.0,0.0,0.0,0.0,0.0,0.0,NCT00130728
1224.0,0.0,191.0,1244.0,0.0,0.0,0.0,0.0,0.0,NCT03456076
1564.0,0.0,77.0,1408.0,0.0,0.0,0.0,0.0,0.0,NCT03052608
1274.0,0.0,0.0,879.0,0.0,0.0,0.0,0.0,0.0,NCT04035486
1130.0,0.0,77.0,1388.0,0.0,0.0,0.0,0.0,0.0,NCT03521154
2676.0,697.0,81.0,57.0,167.0,0.0,0.0,0.0,0.0,NCT02454933
2313.0,0.0,71.0,714.0,0.0,0.0,0.0,0.0,0.0,NCT03003962
2133.0,0.0,0.0,467.0,0.0,0.0,0.0,0.0,0.0,NCT03519971
1035.0,0.0,0.0,1316.0,0.0,0.0,0.0,0.0,0.0,NCT03800134
2504.0,0.0,77.0,993.0,0.0,0.0,0.0,0.0,0.0,NCT02542293
1334.0,0.0,25.0,1588.0,0.0,0.0,0.0,0.0,0.0,NCT03164616
1983.0,2175.0,17.0,679.0,0.0,0.0,0.0,0.0,0.0,NCT01544179
1518.0,3584.0,0.0,475.0,0.0,0.0,0.0,0.0,0.0,NCT01085136
2425.0,0.0,48.0,1254.0,0.0,0.0,0.0,0.0,0.0,NCT02411448
1216.0,398.0,45.0,668.0,0.0,0.0,0.0,0.0,0.0,NCT03829332
909.0,279.0,36.0,981.0,0.0,0.0,0.0,0.0,0.0,NCT03976375
3612.0,1365.0,45.0,463.0,262.0,0.0,0.0,0.0,0.0,NCT00982111
1331.0,0.0,49.0,825.0,0.0,0.0,0.0,0.0,0.0,NCT03976362
1491.0,0.0,49.0,665.0,0.0,0.0,0.0,0.0,0.0,NCT03976323
938.0,0.0,161.0,521.0,13.0,0.0,0.0,0.0,0.0,NCT04689828
1299.0,0.0,39.0,1353.0,0.0,0.0,0.0,0.0,0.0,NCT03425643
1353.0,593.0,71.0,906.0,0.0,0.0,0.0,0.0,0.0,NCT03191786
3033.0,340.0,79.0,551.0,0.0,0.0,0.0,0.0,0.0,NCT02181413
805.0,333.0,126.0,752.0,0.0,0.0,0.0,0.0,0.0,NCT04194203
1410.0,893.0,0.0,1138.0,0.0,0.0,0.0,0.0,0.0,NCT02657434
949.0,154.0,40.0,1270.0,0.0,0.0,0.0,0.0,0.0,NCT03735121
782.0,189.0,71.0,1118.0,0.0,0.0,0.0,0.0,0.0,NCT04026412
2155.0,0.0,64.0,747.0,0.0,0.0,0.0,0.0,0.0,NCT03142334
1235.0,1638.0,31.0,449.0,0.0,0.0,0.0,0.0,0.0,NCT02737501
2105.0,2232.0,35.0,966.0,0.0,0.0,0.0,0.0,0.0,NCT01235962
1698.0,192.0,31.0,976.0,0.0,0.0,0.0,0.0,0.0,NCT03215706
106.0,0.0,109.0,931.0,0.0,867.0,0.0,0.0,0.0,NCT04197986
517.0,614.0,49.0,825.0,0.0,0.0,0.0,0.0,0.0,NCT04209114
2015.0,0.0,84.0,1372.0,0.0,0.0,0.0,0.0,0.0,NCT02632409
856.0,0.0,85.0,690.0,0.0,424.0,0.0,0.0,0.0,NCT04149574
221.0,0.0,89.0,592.0,0.0,944.0,0.0,0.0,0.0,NCT04410445
1375.0,1551.0,24.0,826.0,0.0,0.0,0.0,0.0,0.0,NCT02367794
885.0,0.0,72.0,1204.0,0.0,0.0,0.0,0.0,0.0,NCT04025879
837.0,895.0,78.0,1423.0,0.0,0.0,0.0,0.0,0.0,NCT02864251
1386.0,1152.0,9.0,1182.0,0.0,0.0,0.0,0.0,0.0,NCT02409342
834.0,3763.0,168.0,1098.0,0.0,0.0,0.0,0.0,0.0,NCT00911170
1415.0,745.0,161.0,1185.0,0.0,0.0,0.0,0.0,0.0,NCT02603432
1426.0,61.0,89.0,604.0,0.0,0.0,0.0,0.0,0.0,NCT04003636
1185.0,479.0,42.0,665.0,0.0,0.0,0.0,0.0,0.0,NCT03783078
1292.0,0.0,211.0,525.0,0.0,0.0,0.0,0.0,0.0,NCT04181827
870.0,598.0,92.0,985.0,0.0,0.0,0.0,0.0,0.0,NCT03575351
2453.0,0.0,48.0,561.0,0.0,0.0,0.0,0.0,0.0,NCT03036488
3304.0,0.0,88.0,286.0,0.0,0.0,0.0,0.0,0.0,NCT02453282
1346.0,2722.0,86.0,1390.0,0.0,0.0,0.0,0.0,0.0,NCT01102426
1089.0,940.0,0.0,1054.0,0.0,0.0,483.0,0.0,0.0,NCT02549092
1007.0,222.0,0.0,1225.0,0.0,504.0,0.0,0.0,0.0,NCT03151811
2065.0,157.0,49.0,570.0,0.0,0.0,0.0,0.0,0.0,NCT03275285
2618.0,3323.0,104.0,729.0,0.0,0.0,0.0,0.0,0.0,NCT00405756
1994.0,1525.0,139.0,428.0,0.0,0.0,0.0,0.0,0.0,NCT02112175
439.0,1249.0,204.0,723.0,0.0,0.0,0.0,0.0,0.0,NCT03504423
0.0,0.0,57.0,30.0,0.0,1022.0,312.0,0.0,0.0,NCT04985136
0.0,2428.0,87.0,1569.0,0.0,0.0,0.0,0.0,0.0,NCT02112656
491.0,1648.0,84.0,1329.0,0.0,0.0,0.0,0.0,0.0,NCT02562755
568.0,3218.0,189.0,1275.0,0.0,0.0,0.0,0.0,0.0,NCT01287585
1307.0,1597.0,0.0,917.0,0.0,0.0,0.0,0.0,0.0,NCT02329860
0.0,0.0,1278.0,742.0,0.0,860.0,0.0,0.0,0.0,NCT03236649
1922.0,1595.0,0.0,2570.0,0.0,0.0,0.0,0.0,0.0,NCT00774345
1513.0,1594.0,51.0,699.0,0.0,0.0,0.0,0.0,0.0,NCT02301156
1898.0,1510.0,7.0,1177.0,0.0,0.0,0.0,0.0,0.0,NCT01728805
3044.0,0.0,13.0,596.0,0.0,0.0,0.0,0.0,0.0,NCT02475681
65.0,0.0,52.0,1166.0,0.0,3309.0,0.0,0.0,0.0,NCT01732913
406.0,0.0,91.0,785.0,0.0,3310.0,0.0,0.0,0.0,NCT01732926
1303.0,0.0,31.0,1578.0,0.0,566.0,0.0,0.0,0.0,NCT02626455
497.0,0.0,41.0,448.0,0.0,2989.0,0.0,0.0,0.0,NCT02204982
3480.0,251.0,0.0,979.0,0.0,0.0,0.0,0.0,0.0,NCT01650701
1680.0,2422.0,217.0,1071.0,0.0,0.0,0.0,0.0,0.0,NCT01200758
1568.0,1575.0,0.0,1382.0,0.0,0.0,0.0,0.0,0.0,NCT01777152
766.0,1256.0,211.0,1453.0,0.0,0.0,0.0,0.0,0.0,NCT02448381
1464.0,1076.0,0.0,506.0,0.0,0.0,0.0,0.0,0.0,NCT03053440
690.0,185.0,52.0,855.0,0.0,1186.0,0.0,0.0,0.0,NCT03138499
1823.0,718.0,67.0,595.0,0.0,0.0,0.0,0.0,0.0,NCT02899299
528.0,0.0,42.0,1066.0,0.0,0.0,0.0,0.0,0.0,NCT04685135
1787.0,2735.0,0.0,1033.0,0.0,0.0,0.0,0.0,0.0,NCT01098266
1486.0,1944.0,25.0,566.0,0.0,0.0,0.0,0.0,0.0,NCT02165397
538.0,0.0,100.0,412.0,0.0,747.0,0.0,0.0,0.0,NCT04478266
0.0,447.0,69.0,1171.0,0.0,0.0,0.0,0.0,0.0,NCT04613674
184.0,110.0,67.0,196.0,0.0,2492.0,0.0,0.0,0.0,NCT03052725
1096.0,0.0,84.0,609.0,0.0,0.0,0.0,0.0,0.0,NCT04487080
1181.0,130.0,0.0,491.0,0.0,0.0,0.0,0.0,0.0,NCT04471428
629.0,459.0,28.0,553.0,0.0,0.0,0.0,0.0,0.0,NCT04642469
1621.0,0.0,43.0,750.0,0.0,0.0,0.0,0.0,0.0,NCT03734029
3.0,1085.0,0.0,1480.0,0.0,0.0,0.0,0.0,0.0,NCT03548584
0.0,0.0,0.0,904.0,0.0,2372.0,0.0,0.0,0.0,NCT02817906
926.0,0.0,69.0,751.0,0.0,0.0,0.0,0.0,0.0,NCT04544436
0.0,0.0,569.0,0.0,0.0,1986.0,0.0,0.0,0.0,NCT03562949
471.0,2741.0,22.0,488.0,0.0,0.0,0.0,0.0,0.0,NCT02414854
492.0,4014.0,40.0,709.0,0.0,0.0,0.0,0.0,0.0,NCT01285323
102.0,3443.0,22.0,485.0,0.0,0.0,0.0,0.0,0.0,NCT02139644
0.0,0.0,0.0,918.0,0.0,3429.0,0.0,0.0,0.0,NCT01907763
462.0,1638.0,14.0,654.0,0.0,0.0,0.0,0.0,0.0,NCT03347279
0.0,4211.0,31.0,413.0,0.0,0.0,0.0,0.0,0.0,NCT01686633
469.0,4105.0,28.0,42.0,0.0,0.0,0.0,0.0,0.0,NCT01698320
80.0,4335.0,0.0,92.0,0.0,0.0,0.0,0.0,0.0,NCT01791972
365.0,4177.0,37.0,725.0,0.0,0.0,0.0,0.0,0.0,NCT01257230
44.0,3750.0,24.0,249.0,0.0,0.0,0.0,0.0,0.0,NCT02126839
218.0,2827.0,52.0,87.0,0.0,0.0,0.0,0.0,0.0,NCT02918071
245.0,3219.0,89.0,574.0,0.0,0.0,0.0,0.0,0.0,NCT02075255
101.0,3342.0,48.0,617.0,0.0,0.0,0.0,0.0,0.0,NCT02091986
235.0,2282.0,21.0,640.0,0.0,0.0,0.0,0.0,0.0,NCT02924688
916.0,5886.0,0.0,496.0,0.0,0.0,0.0,0.0,0.0,NCT00079937
395.0,2804.0,140.0,648.0,0.0,0.0,0.0,0.0,0.0,NCT02194699
644.0,3022.0,76.0,659.0,0.0,0.0,0.0,0.0,0.0,NCT01867125
0.0,2680.0,291.0,0.0,0.0,0.0,0.0,0.0,0.0,NCT03137784
332.0,2012.0,174.0,1041.0,0.0,0.0,0.0,0.0,0.0,NCT02555683
786.0,704.0,0.0,588.0,0.0,0.0,0.0,0.0,0.0,NCT04121221
0.0,0.0,51.0,704.0,0.0,1386.0,0.0,0.0,0.0,NCT04049175
853.0,0.0,0.0,701.0,0.0,3504.0,0.0,0.0,0.0,NCT01416181
675.0,1652.0,0.0,56.0,0.0,0.0,0.0,0.0,0.0,NCT03771040
377.0,1740.0,162.0,875.0,0.0,0.0,0.0,0.0,0.0,NCT02948959
0.0,1144.0,77.0,1647.0,0.0,0.0,0.0,0.0,0.0,NCT03248128
650.0,929.0,0.0,903.0,0.0,0.0,0.0,0.0,0.0,NCT03654976
1429.0,1238.0,63.0,846.0,0.0,0.0,0.0,0.0,0.0,NCT02538666
188.0,2526.0,253.0,454.0,0.0,0.0,0.0,0.0,0.0,NCT02676089
1329.0,1987.0,98.0,1115.0,0.0,0.0,0.0,0.0,0.0,NCT01774786
543.0,0.0,77.0,929.0,0.0,260.0,0.0,0.0,0.0,NCT04459715
0.0,0.0,161.0,435.0,0.0,642.0,0.0,0.0,0.0,NCT05223673
322.0,127.0,54.0,878.0,0.0,213.0,0.0,0.0,0.0,NCT04740918
902.0,0.0,96.0,261.0,0.0,327.0,0.0,0.0,0.0,NCT04752332
140.0,0.0,313.0,218.0,0.0,894.0,0.0,0.0,0.0,NCT04786964
928.0,0.0,0.0,394.0,0.0,0.0,0.0,0.0,0.0,NCT05104866
49.0,2028.0,0.0,714.0,0.0,0.0,0.0,0.0,0.0,NCT03325556
2443.0,0.0,0.0,1200.0,0.0,0.0,0.0,0.0,0.0,NCT02486718
1462.0,0.0,149.0,838.0,667.0,0.0,0.0,3484.0,0.0,NCT00477906
464.0,0.0,80.0,1006.0,0.0,0.0,0.0,0.0,0.0,NCT04810078
886.0,0.0,127.0,951.0,0.0,0.0,0.0,0.0,0.0,NCT04251533
2126.0,0.0,63.0,1157.0,0.0,0.0,0.0,0.0,0.0,NCT02743494
1135.0,81.0,105.0,576.0,0.0,0.0,0.0,0.0,0.0,NCT04338269
393.0,0.0,89.0,860.0,0.0,0.0,0.0,0.0,0.0,NCT05092360
0.0,0.0,166.0,1317.0,0.0,446.0,0.0,0.0,0.0,NCT04300114
2028.0,0.0,135.0,1456.0,0.0,0.0,0.0,0.0,0.0,NCT02504372
468.0,0.0,87.0,216.0,0.0,1132.0,0.0,0.0,0.0,NCT04329949
449.0,608.0,36.0,718.0,0.0,0.0,0.0,0.0,0.0,NCT04456699
561.0,608.0,0.0,426.0,0.0,0.0,0.0,0.0,0.0,NCT04737187
343.0,0.0,95.0,1260.0,0.0,0.0,0.0,0.0,0.0,NCT04607421
2087.0,419.0,0.0,777.0,0.0,0.0,0.0,0.0,0.0,NCT02807636
2786.0,2653.0,0.0,1614.0,0.0,0.0,0.0,0.0,0.0,NCT00295620
0.0,0.0,72.0,551.0,0.0,0.0,0.0,0.0,0.0,NCT06072781
761.0,0.0,161.0,681.0,0.0,0.0,0.0,0.0,0.0,NCT04729387
222.0,0.0,10.0,217.0,0.0,1216.0,0.0,0.0,0.0,NCT04649060
495.0,0.0,149.0,474.0,0.0,602.0,0.0,0.0,0.0,NCT04571645
322.0,0.0,143.0,673.0,0.0,430.0,0.0,0.0,0.0,NCT04778397
226.0,0.0,221.0,474.0,0.0,430.0,0.0,0.0,0.0,NCT05079230
521.0,0.0,32.0,1466.0,0.0,0.0,0.0,0.0,0.0,NCT04191499
0.0,0.0,0.0,1393.0,0.0,165.0,0.0,0.0,0.0,NCT04797780
335.0,0.0,79.0,1160.0,0.0,0.0,0.0,0.0,0.0,NCT04770896
440.0,2435.0,0.0,2325.0,0.0,0.0,0.0,0.0,0.0,NCT01321541
108.0,0.0,279.0,1039.0,0.0,0.0,0.0,0.0,0.0,NCT04982237
640.0,0.0,37.0,693.0,0.0,1421.0,0.0,0.0,0.0,NCT03326674
704.0,0.0,114.0,658.0,0.0,0.0,0.0,0.0,0.0,NCT04915755
1102.0,0.0,83.0,1016.0,0.0,0.0,0.0,0.0,0.0,NCT03981796
3746.0,1963.0,106.0,622.0,0.0,0.0,0.0,0.0,0.0,NCT00553358
1136.0,1116.0,36.0,419.0,0.0,0.0,0.0,0.0,0.0,NCT03402841
1034.0,882.0,0.0,771.0,0.0,0.0,0.0,0.0,0.0,NCT03430843
1890.0,131.0,48.0,896.0,0.0,0.0,0.0,0.0,0.0,NCT03143153
0.0,2810.0,3.0,1366.0,0.0,0.0,0.0,0.0,0.0,NCT02029157
0.0,0.0,148.0,297.0,0.0,5085.0,0.0,0.0,0.0,NCT01111552
886.0,2220.0,0.0,711.0,0.0,0.0,0.0,0.0,0.0,NCT02332499
124.0,3069.0,0.0,559.0,0.0,0.0,0.0,0.0,0.0,NCT02388919
365.0,3128.0,32.0,566.0,0.0,0.0,0.0,0.0,0.0,NCT02106832
0.0,0.0,0.0,0.0,0.0,0.0,0.0,1824.0,0.0,NCT04439890
0.0,0.0,55.0,144.0,0.0,0.0,0.0,2327.0,0.0,NCT03601975
495.0,0.0,24.0,1531.0,0.0,0.0,0.0,0.0,0.0,NCT04154956
112.0,0.0,0.0,1215.0,0.0,0.0,99.0,0.0,0.0,NCT04974398
539.0,0.0,0.0,1315.0,0.0,440.0,0.0,0.0,0.0,NCT03866980
1195.0,0.0,55.0,394.0,0.0,1434.0,0.0,0.0,0.0,NCT03019588
1441.0,0.0,76.0,503.0,0.0,0.0,0.0,0.0,0.0,NCT04191096
204.0,0.0,183.0,291.0,0.0,867.0,0.0,0.0,0.0,NCT04816214
622.0,0.0,191.0,566.0,0.0,33.0,0.0,0.0,0.0,NCT05002569
1804.0,0.0,92.0,701.0,0.0,0.0,0.0,0.0,0.0,NCT03529110
55.0,0.0,19.0,351.0,0.0,621.0,0.0,0.0,0.0,NCT05493501
84.0,2519.0,0.0,204.0,0.0,0.0,0.0,0.0,0.0,NCT03308799
1439.0,3517.0,0.0,605.0,0.0,0.0,0.0,0.0,0.0,NCT01095003
1182.0,3225.0,36.0,610.0,0.0,0.0,0.0,0.0,0.0,NCT01419197
1839.0,1566.0,279.0,1128.0,0.0,0.0,0.0,0.0,0.0,NCT01578239
1841.0,2310.0,102.0,511.0,0.0,0.0,0.0,0.0,0.0,NCT01611090
0.0,0.0,0.0,274.0,0.0,1126.0,0.0,0.0,0.0,NCT05014919
397.0,805.0,79.0,1020.0,0.0,0.0,0.0,0.0,0.0,NCT03859427
124.0,0.0,208.0,521.0,31.0,479.0,0.0,0.0,0.0,NCT05065411
721.0,0.0,61.0,642.0,0.0,0.0,0.0,0.0,0.0,NCT04987203
546.0,0.0,561.0,673.0,0.0,320.0,0.0,0.0,0.0,NCT04093362
198.0,0.0,71.0,390.0,0.0,738.0,0.0,0.0,0.0,NCT05020665
0.0,0.0,25.0,668.0,0.0,0.0,0.0,0.0,0.0,NCT05964413
1265.0,1049.0,35.0,1168.0,0.0,0.0,0.0,0.0,0.0,NCT02594371
255.0,0.0,76.0,1264.0,0.0,0.0,0.0,0.0,0.0,NCT04738487
1203.0,3485.0,617.0,874.0,0.0,0.0,0.0,0.0,0.0,NCT00718549
643.0,0.0,125.0,649.0,0.0,0.0,0.0,0.0,0.0,NCT04988295
0.0,0.0,0.0,1967.0,0.0,0.0,0.0,2925.0,0.0,NCT01516580
0.0,0.0,874.0,0.0,0.0,428.0,0.0,0.0,0.0,NCT05134194
64.0,0.0,63.0,218.0,0.0,969.0,0.0,0.0,0.0,NCT05128773
1404.0,0.0,0.0,2187.0,0.0,1504.0,0.0,0.0,0.0,NCT01387932
36.0,2608.0,205.0,516.0,0.0,0.0,0.0,0.0,0.0,NCT02727660
602.0,94.0,0.0,268.0,0.0,0.0,0.0,0.0,0.0,NCT05600309
1750.0,1613.0,0.0,814.0,0.0,0.0,0.0,0.0,0.0,NCT02032277
980.0,0.0,54.0,643.0,0.0,0.0,0.0,0.0,0.0,NCT04634877
438.0,0.0,0.0,384.0,0.0,609.0,0.0,0.0,0.0,NCT04979442
952.0,0.0,21.0,748.0,0.0,0.0,0.0,1210.0,0.0,NCT03180736
129.0,1915.0,13.0,370.0,0.0,0.0,0.0,0.0,0.0,NCT03720470
0.0,0.0,0.0,260.0,871.0,0.0,0.0,0.0,0.0,NCT05378763
340.0,1210.0,85.0,1360.0,0.0,0.0,0.0,0.0,0.0,NCT03106987
1771.0,1057.0,81.0,616.0,6.0,0.0,0.0,0.0,0.0,NCT02580058
0.0,0.0,83.0,1124.0,0.0,67.0,0.0,0.0,0.0,NCT05179239
356.0,473.0,54.0,304.0,0.0,0.0,0.0,0.0,0.0,NCT05297565
0.0,951.0,0.0,400.0,0.0,0.0,0.0,0.0,0.0,NCT05081167
150.0,2402.0,13.0,571.0,0.0,0.0,0.0,0.0,0.0,NCT02965118
0.0,0.0,119.0,524.0,0.0,481.0,0.0,0.0,0.0,NCT05387707
918.0,216.0,44.0,875.0,0.0,1355.0,0.0,0.0,0.0,NCT02683941
265.0,0.0,122.0,684.0,0.0,0.0,0.0,0.0,0.0,NCT05456191
1723.0,132.0,149.0,991.0,0.0,0.0,0.0,0.0,0.0,NCT03106779
0.0,2763.0,112.0,754.0,0.0,0.0,0.0,0.0,0.0,NCT02497287
1205.0,0.0,0.0,1573.0,0.0,0.0,0.0,0.0,0.0,NCT03336333
21.0,0.0,87.0,289.0,576.0,1410.0,0.0,0.0,0.0,NCT03771664
326.0,0.0,83.0,224.0,0.0,0.0,0.0,0.0,0.0,NCT06058793
490.0,2471.0,0.0,544.0,0.0,0.0,0.0,0.0,0.0,NCT02604342
308.0,0.0,193.0,721.0,0.0,0.0,0.0,0.0,0.0,NCT05235516
1027.0,341.0,53.0,850.0,0.0,0.0,0.0,0.0,0.0,NCT03898180
0.0,1491.0,0.0,726.0,0.0,0.0,0.0,0.0,0.0,NCT03961529
763.0,0.0,71.0,403.0,0.0,0.0,0.0,0.0,0.0,NCT05226598
377.0,0.0,222.0,714.0,0.0,0.0,0.0,0.0,0.0,NCT05132075
132.0,0.0,64.0,800.0,0.0,516.0,0.0,0.0,0.0,NCT04866017
0.0,0.0,141.0,1971.0,0.0,3339.0,0.0,0.0,0.0,NCT01163253
818.0,0.0,118.0,321.0,0.0,0.0,0.0,0.0,0.0,NCT05198934
734.0,0.0,22.0,1028.0,0.0,0.0,0.0,0.0,0.0,NCT04494425
938.0,0.0,63.0,1041.0,0.0,0.0,0.0,0.0,0.0,NCT04165317
1487.0,0.0,0.0,473.0,0.0,0.0,0.0,0.0,0.0,NCT04256421
728.0,0.0,43.0,467.0,0.0,0.0,0.0,0.0,0.0,NCT05224141
0.0,0.0,197.0,1075.0,0.0,0.0,0.0,0.0,0.0,NCT05170204
801.0,850.0,32.0,1558.0,0.0,0.0,0.0,0.0,0.0,NCT02855944
360.0,0.0,38.0,2548.0,0.0,0.0,0.0,0.0,0.0,NCT03165734
425.0,2842.0,115.0,569.0,0.0,0.0,0.0,0.0,0.0,NCT02224157
1677.0,3086.0,81.0,675.0,0.0,0.0,0.0,0.0,0.0,NCT01120184
158.0,0.0,57.0,972.0,0.0,0.0,0.0,0.0,0.0,NCT05298423
358.0,3470.0,22.0,881.0,0.0,0.0,0.0,0.0,0.0,NCT01634139
1571.0,0.0,0.0,931.0,0.0,3549.0,0.0,0.0,0.0,NCT00796445
501.0,0.0,35.0,650.0,0.0,0.0,0.0,0.0,0.0,NCT05288166
417.0,1637.0,20.0,331.0,0.0,0.0,0.0,0.0,0.0,NCT03745638
245.0,2034.0,22.0,470.0,0.0,0.0,0.0,0.0,0.0,NCT03345914
570.0,2047.0,45.0,313.0,0.0,0.0,0.0,0.0,0.0,NCT03131648
1246.0,0.0,83.0,799.0,0.0,0.0,431.0,0.0,0.0,NCT03568318
225.0,2512.0,76.0,232.0,0.0,0.0,0.0,0.0,0.0,NCT03054428
460.0,3148.0,0.0,298.0,0.0,0.0,0.0,0.0,0.0,NCT02260986
252.0,3458.0,0.0,368.0,0.0,0.0,0.0,0.0,0.0,NCT02118792
253.0,747.0,0.0,504.0,0.0,0.0,0.0,0.0,0.0,NCT04875169
275.0,381.0,0.0,896.0,0.0,0.0,0.0,0.0,0.0,NCT04804605
130.0,0.0,113.0,322.0,0.0,601.0,0.0,0.0,0.0,NCT05329545
473.0,0.0,22.0,665.0,0.0,0.0,0.0,0.0,0.0,NCT05328908
0.0,0.0,0.0,110.0,0.0,0.0,0.0,3130.0,0.0,NCT02854072
0.0,0.0,1820.0,0.0,0.0,2387.0,0.0,0.0,0.0,NCT02009423
0.0,437.0,0.0,856.0,0.0,0.0,0.0,0.0,0.0,NCT05142774
715.0,1704.0,32.0,605.0,0.0,0.0,0.0,0.0,0.0,NCT03042611
1195.0,615.0,72.0,729.0,0.0,0.0,0.0,0.0,0.0,NCT03515837
0.0,0.0,84.0,697.0,0.0,0.0,0.0,3035.0,0.0,NCT02332512
279.0,2063.0,58.0,602.0,0.0,0.0,0.0,0.0,0.0,NCT03099382
621.0,0.0,83.0,455.0,0.0,0.0,0.0,0.0,0.0,NCT05337553
255.0,0.0,0.0,897.0,0.0,0.0,0.0,0.0,0.0,NCT05348577
0.0,1937.0,0.0,325.0,0.0,0.0,0.0,0.0,0.0,NCT03908970
427.0,893.0,32.0,842.0,0.0,0.0,0.0,0.0,0.0,NCT03989349
824.0,140.0,14.0,595.0,301.0,1657.0,0.0,0.0,0.0,NCT02579863
1152.0,0.0,0.0,595.0,0.0,0.0,0.0,0.0,0.0,NCT04540211
627.0,0.0,27.0,1093.0,0.0,0.0,0.0,0.0,0.0,NCT04543617
1615.0,369.0,70.0,443.0,0.0,0.0,0.0,0.0,0.0,NCT03635567
1863.0,1104.0,130.0,427.0,0.0,0.0,0.0,0.0,0.0,NCT02586025
2820.0,1817.0,0.0,911.0,0.0,0.0,0.0,0.0,0.0,NCT01100502
65.0,0.0,100.0,692.0,0.0,269.0,0.0,0.0,0.0,NCT05386550
1155.0,48.0,95.0,921.0,0.0,0.0,0.0,0.0,0.0,NCT03957590
400.0,3120.0,83.0,393.0,0.0,0.0,0.0,0.0,0.0,NCT02186873
0.0,0.0,83.0,87.0,596.0,1410.0,0.0,0.0,0.0,NCT04007367
819.0,2625.0,64.0,700.0,0.0,0.0,0.0,0.0,0.0,NCT02008916
0.0,0.0,0.0,363.0,0.0,0.0,0.0,0.0,0.0,NCT06472076
89.0,48.0,163.0,629.0,0.0,776.0,0.0,0.0,0.0,NCT04594707
1251.0,0.0,54.0,982.0,0.0,0.0,0.0,0.0,0.0,NCT03875235
1113.0,2716.0,239.0,1131.0,0.0,0.0,0.0,0.0,0.0,NCT01322490
101.0,0.0,0.0,149.0,0.0,0.0,0.0,0.0,0.0,NCT06635135
0.0,3575.0,0.0,0.0,0.0,0.0,0.0,0.0,0.0,NCT02541331
0.0,2938.0,298.0,372.0,0.0,0.0,0.0,0.0,0.0,NCT02514577
889.0,1907.0,51.0,1877.0,0.0,0.0,0.0,0.0,0.0,NCT01639339
3561.0,980.0,0.0,2046.0,0.0,0.0,0.0,0.0,0.0,NCT00482833
822.0,0.0,33.0,800.0,0.0,0.0,0.0,0.0,0.0,NCT04662710
128.0,481.0,33.0,321.0,0.0,0.0,0.0,0.0,0.0,NCT05603754
1528.0,1902.0,68.0,600.0,0.0,0.0,0.0,0.0,0.0,NCT02101268
146.0,0.0,0.0,88.0,6.0,586.0,0.0,0.0,0.0,NCT05784129
2386.0,2091.0,110.0,782.0,886.0,0.0,0.0,0.0,0.0,NCT00671034
1378.0,1034.0,72.0,677.0,0.0,0.0,0.0,0.0,0.0,NCT02941926
857.0,1249.0,0.0,2289.0,0.0,0.0,0.0,0.0,0.0,NCT01871727
652.0,1399.0,17.0,613.0,0.0,0.0,0.0,0.0,0.0,NCT03435081
2403.0,770.0,72.0,639.0,0.0,0.0,0.0,0.0,0.0,NCT02278120
21.0,3519.0,90.0,466.0,0.0,93.0,0.0,0.0,0.0,NCT02024646
0.0,0.0,0.0,0.0,0.0,2372.0,0.0,0.0,0.0,NCT03781375
2991.0,971.0,18.0,317.0,0.0,0.0,0.0,0.0,0.0,NCT01942135
1030.0,0.0,148.0,866.0,0.0,0.0,0.0,0.0,0.0,NCT04162210
2138.0,0.0,276.0,1506.0,98.0,0.0,0.0,0.0,0.0,NCT02166463
717.0,0.0,59.0,883.0,0.0,0.0,0.0,0.0,0.0,NCT04656652
841.0,1755.0,30.0,118.0,0.0,0.0,0.0,0.0,0.0,NCT03374488
841.0,1755.0,36.0,124.0,0.0,0.0,0.0,0.0,0.0,NCT03361865
2084.0,0.0,264.0,1663.0,87.0,0.0,0.0,0.0,0.0,NCT02101853
526.0,0.0,91.0,823.0,0.0,299.0,0.0,0.0,0.0,NCT04551053
434.0,2215.0,62.0,687.0,0.0,0.0,0.0,0.0,0.0,NCT02696798
881.0,595.0,27.0,532.0,0.0,0.0,0.0,0.0,0.0,NCT04173494
409.0,0.0,35.0,469.0,0.0,0.0,0.0,0.0,0.0,NCT05665595
1606.0,1890.0,0.0,757.0,0.0,0.0,0.0,0.0,0.0,NCT01969838
675.0,0.0,70.0,1793.0,0.0,0.0,0.0,0.0,0.0,NCT03589326
264.0,0.0,36.0,342.0,0.0,0.0,0.0,0.0,0.0,NCT06045806
1855.0,889.0,0.0,1755.0,0.0,0.0,0.0,0.0,0.0,NCT01796002
175.0,0.0,62.0,325.0,0.0,1522.0,0.0,0.0,0.0,NCT04115839
213.0,1190.0,31.0,765.0,74.0,0.0,0.0,0.0,0.0,NCT03896581
321.0,0.0,62.0,214.0,0.0,1487.0,0.0,0.0,0.0,NCT04115748
483.0,1041.0,36.0,638.0,74.0,0.0,0.0,0.0,0.0,NCT03895203
2419.0,1460.0,51.0,479.0,0.0,0.0,0.0,0.0,0.0,NCT01860976
2766.0,437.0,2.0,1644.0,0.0,0.0,0.0,0.0,0.0,NCT01550003
435.0,2979.0,92.0,496.0,0.0,0.0,0.0,0.0,0.0,NCT02181673
709.0,2173.0,122.0,1244.0,0.0,0.0,0.0,0.0,0.0,NCT01976364
460.0,1069.0,77.0,892.0,0.0,0.0,0.0,0.0,0.0,NCT03633617
422.0,256.0,55.0,853.0,0.0,0.0,0.0,0.0,0.0,NCT04753697
973.0,339.0,121.0,423.0,0.0,0.0,0.0,0.0,0.0,NCT04394351
336.0,0.0,32.0,531.0,0.0,847.0,0.0,0.0,0.0,NCT04543409
146.0,2316.0,4.0,1037.0,0.0,0.0,0.0,0.0,0.0,NCT02605837
152.0,34.0,53.0,756.0,0.0,475.0,0.0,0.0,0.0,NCT04921358
525.0,0.0,138.0,882.0,0.0,194.0,0.0,0.0,0.0,NCT04551066
391.0,0.0,35.0,1376.0,0.0,0.0,0.0,0.0,0.0,NCT04468984
830.0,118.0,70.0,780.0,0.0,0.0,0.0,0.0,0.0,NCT04472598
0.0,543.0,163.0,384.0,0.0,2423.0,0.0,0.0,0.0,NCT02598297
776.0,0.0,0.0,470.0,0.0,0.0,0.0,0.0,0.0,NCT05197049
0.0,0.0,164.0,952.0,0.0,577.0,0.0,0.0,0.0,NCT04612790
1427.0,669.0,78.0,280.0,0.0,0.0,0.0,0.0,0.0,NCT03689972
171.0,886.0,350.0,433.0,0.0,0.0,0.0,0.0,0.0,NCT04417894
655.0,2012.0,26.0,495.0,0.0,0.0,0.0,0.0,0.0,NCT02915159
785.0,0.0,19.0,1420.0,0.0,0.0,0.0,0.0,0.0,NCT03952559
0.0,0.0,37.0,162.0,0.0,3504.0,0.0,0.0,0.0,NCT02430532
0.0,0.0,2.0,0.0,0.0,0.0,0.0,1976.0,0.0,NCT04234607
357.0,2526.0,19.0,862.0,0.0,0.0,0.0,0.0,0.0,NCT02376790
1865.0,0.0,178.0,423.0,0.0,0.0,0.0,0.0,0.0,NCT03675308
1609.0,2296.0,205.0,453.0,0.0,0.0,0.0,0.0,0.0,NCT01752634
1204.0,2161.0,0.0,432.0,0.0,0.0,0.0,0.0,0.0,NCT02349295
803.0,1645.0,84.0,421.0,0.0,0.0,0.0,0.0,0.0,NCT03158285
504.0,1547.0,73.0,476.0,0.0,0.0,0.0,0.0,0.0,NCT03526861
427.0,349.0,0.0,440.0,0.0,1832.0,0.0,0.0,0.0,NCT03053050
514.0,983.0,0.0,427.0,0.0,0.0,0.0,0.0,0.0,NCT04305405
1477.0,0.0,18.0,1460.0,0.0,612.0,0.0,0.0,0.0,NCT02548351
108.0,0.0,0.0,1620.0,0.0,1663.0,0.0,0.0,0.0,NCT02704403
248.0,585.0,243.0,573.0,0.0,0.0,0.0,0.0,0.0,NCT04669028
614.0,0.0,0.0,1656.0,0.0,0.0,0.0,0.0,0.0,NCT03900429
0.0,0.0,0.0,1043.0,1049.0,0.0,0.0,0.0,0.0,NCT04104321
13.0,0.0,79.0,1359.0,0.0,1620.0,0.0,0.0,0.0,NCT03028740
678.0,0.0,25.0,631.0,0.0,3023.0,0.0,0.0,0.0,NCT01900665
1027.0,0.0,4.0,781.0,0.0,2500.0,0.0,0.0,0.0,NCT01931566
726.0,0.0,77.0,877.0,0.0,0.0,0.0,0.0,0.0,NCT04628494
1712.0,0.0,17.0,686.0,0.0,0.0,0.0,0.0,0.0,NCT03732820
594.0,0.0,0.0,770.0,0.0,0.0,490.0,0.0,0.0,NCT04400331
763.0,0.0,71.0,915.0,0.0,0.0,0.0,0.0,0.0,NCT04540497
345.0,6332.0,0.0,439.0,0.0,0.0,0.0,0.0,0.0,NCT00269438
190.0,0.0,134.0,415.0,0.0,59.0,104.0,0.0,0.0,NCT05681481
28.0,1592.0,0.0,855.0,0.0,0.0,0.0,0.0,0.0,NCT03665038
936.0,0.0,71.0,980.0,0.0,0.0,0.0,0.0,0.0,NCT04221945
102.0,0.0,280.0,672.0,0.0,815.0,0.0,0.0,0.0,NCT04374253
1353.0,3503.0,78.0,511.0,0.0,0.0,0.0,0.0,0.0,NCT01166282
87.0,0.0,120.0,75.0,0.0,2427.0,420.0,0.0,0.0,NCT02972658
135.0,0.0,64.0,210.0,0.0,2923.0,0.0,0.0,0.0,NCT02760602
486.0,1669.0,0.0,1412.0,0.0,0.0,0.0,0.0,0.0,NCT02547818
0.0,1587.0,251.0,1078.0,0.0,0.0,0.0,0.0,0.0,NCT03197740
1537.0,2050.0,200.0,759.0,0.0,0.0,0.0,0.0,0.0,NCT01763164
70.0,377.0,0.0,731.0,0.0,1811.0,0.0,0.0,0.0,NCT03114657
2111.0,624.0,94.0,1381.0,0.0,0.0,0.0,0.0,0.0,NCT02008357
0.0,0.0,60.0,973.0,0.0,0.0,0.0,0.0,0.0,NCT05508789
0.0,0.0,0.0,0.0,0.0,2653.0,1272.0,0.0,0.0,NCT02245568
0.0,3864.0,114.0,521.0,0.0,0.0,0.0,0.0,0.0,NCT01795859
125.0,0.0,0.0,300.0,0.0,791.0,0.0,0.0,0.0,NCT05256134
0.0,6298.0,0.0,0.0,0.0,0.0,0.0,0.0,0.0,NCT00643409
914.0,0.0,131.0,435.0,0.0,0.0,0.0,0.0,0.0,NCT04909801
764.0,1048.0,0.0,1068.0,0.0,0.0,0.0,0.0,0.0,NCT03237325
493.0,822.0,41.0,542.0,73.0,0.0,0.0,0.0,0.0,NCT04242446
445.0,1054.0,134.0,914.0,0.0,0.0,0.0,0.0,0.0,NCT03580356
448.0,1040.0,31.0,658.0,69.0,0.0,0.0,0.0,0.0,NCT03928743
106.0,0.0,141.0,629.0,0.0,2819.0,0.0,0.0,0.0,NCT02437162
376.0,1722.0,77.0,448.0,0.0,0.0,0.0,0.0,0.0,NCT03502616
0.0,0.0,39.0,618.0,0.0,796.0,0.0,0.0,0.0,NCT04944784
1376.0,111.0,7.0,543.0,0.0,0.0,0.0,0.0,0.0,NCT04169373
104.0,0.0,121.0,650.0,0.0,2819.0,0.0,0.0,0.0,NCT02438787
188.0,2454.0,63.0,891.0,0.0,0.0,0.0,0.0,0.0,NCT02522780
0.0,0.0,109.0,765.0,0.0,543.0,0.0,0.0,0.0,NCT04985968
212.0,2860.0,42.0,659.0,0.0,0.0,0.0,0.0,0.0,NCT02368717
183.0,2342.0,67.0,761.0,0.0,0.0,0.0,0.0,0.0,NCT02739165
1610.0,1230.0,200.0,691.0,0.0,0.0,0.0,0.0,0.0,NCT02407236
74.0,0.0,0.0,852.0,0.0,1508.0,0.0,0.0,0.0,NCT03711162
461.0,978.0,158.0,803.0,32.0,0.0,0.0,0.0,0.0,NCT03713619
0.0,3109.0,1316.0,1104.0,0.0,0.0,0.0,0.0,0.0,NCT01112722
0.0,2624.0,0.0,586.0,0.0,0.0,0.0,0.0,0.0,NCT02893098
0.0,3570.0,0.0,502.0,0.0,0.0,0.0,0.0,0.0,NCT02122601
334.0,3422.0,496.0,498.0,0.0,0.0,0.0,0.0,0.0,NCT01622569
0.0,0.0,76.0,0.0,0.0,0.0,0.0,2660.0,0.0,NCT03383471
0.0,2272.0,0.0,2264.0,0.0,0.0,0.0,0.0,0.0,NCT01768520
871.0,0.0,242.0,737.0,0.0,0.0,866.0,0.0,0.0,NCT03398135
3200.0,3307.0,0.0,791.0,0.0,0.0,0.0,0.0,0.0,NCT00101582
0.0,4535.0,32.0,938.0,0.0,0.0,0.0,0.0,0.0,NCT01128959
0.0,0.0,254.0,187.0,0.0,3554.0,0.0,0.0,0.0,NCT02187809
806.0,1832.0,27.0,217.0,0.0,0.0,266.0,0.0,0.0,NCT02954887
390.0,1319.0,23.0,310.0,0.0,0.0,0.0,0.0,0.0,NCT04165824
109.0,1984.0,61.0,657.0,0.0,0.0,0.0,0.0,0.0,NCT03306043
1772.0,1740.0,0.0,461.0,0.0,3325.0,0.0,0.0,0.0,NCT00097370
0.0,2223.0,62.0,835.0,0.0,0.0,0.0,0.0,0.0,NCT02980133
0.0,2376.0,168.0,623.0,0.0,0.0,0.0,0.0,0.0,NCT02935699
0.0,7298.0,0.0,0.0,0.0,0.0,0.0,0.0,0.0,NCT00034853
393.0,0.0,54.0,1220.0,0.0,556.0,0.0,0.0,0.0,NCT03955146
0.0,0.0,305.0,851.0,0.0,755.0,0.0,0.0,0.0,NCT04320940
0.0,1434.0,386.0,257.0,0.0,0.0,0.0,0.0,0.0,NCT04123405
546.0,1652.0,295.0,573.0,0.0,0.0,0.0,0.0,0.0,NCT03031782
2668.0,733.0,129.0,901.0,0.0,0.0,0.0,0.0,0.0,NCT01844518
62.0,0.0,248.0,290.0,0.0,593.0,0.0,0.0,0.0,NCT05288283
171.0,424.0,506.0,2000.0,0.0,0.0,0.0,0.0,0.0,NCT03000439
258.0,490.0,0.0,895.0,0.0,0.0,0.0,0.0,0.0,NCT04678856
413.0,87.0,0.0,1138.0,0.0,0.0,0.0,0.0,0.0,NCT04684524
345.0,46.0,70.0,727.0,0.0,0.0,0.0,0.0,0.0,NCT05295459
1284.0,2985.0,0.0,986.0,0.0,0.0,0.0,0.0,0.0,NCT01284556
320.0,1230.0,29.0,800.0,0.0,0.0,0.0,0.0,0.0,NCT03773978
377.0,2372.0,0.0,0.0,0.0,0.0,418.0,0.0,0.0,NCT02936635
0.0,0.0,383.0,1116.0,0.0,1060.0,0.0,0.0,0.0,NCT03569007
84.0,0.0,110.0,1085.0,0.0,0.0,0.0,0.0,0.0,NCT05163314
393.0,837.0,0.0,989.0,0.0,0.0,0.0,0.0,0.0,NCT03960580
237.0,776.0,0.0,628.0,0.0,0.0,0.0,0.0,0.0,NCT04681729
368.0,2397.0,83.0,355.0,0.0,0.0,0.0,0.0,0.0,NCT02898454
1570.0,2816.0,0.0,791.0,0.0,0.0,0.0,0.0,0.0,NCT01336621
0.0,164.0,99.0,422.0,0.0,708.0,0.0,0.0,0.0,NCT05024058
2452.0,250.0,72.0,1111.0,0.0,0.0,0.0,0.0,0.0,NCT02277444
0.0,0.0,0.0,0.0,0.0,0.0,963.0,0.0,0.0,NCT05604170
0.0,0.0,245.0,1589.0,0.0,1426.0,0.0,0.0,0.0,NCT02834793
553.0,6611.0,0.0,0.0,0.0,0.0,0.0,0.0,0.0,NCT00249210
0.0,5505.0,0.0,364.0,0.0,0.0,0.0,0.0,0.0,NCT00908453
759.0,1554.0,0.0,598.0,0.0,0.0,0.0,0.0,0.0,NCT03201900
341.0,29.0,0.0,288.0,0.0,82.0,0.0,0.0,0.0,NCT05905783
311.0,4057.0,74.0,528.0,0.0,0.0,0.0,0.0,0.0,NCT01468233
633.0,0.0,0.0,536.0,0.0,1544.0,0.0,0.0,0.0,NCT03398837
0.0,0.0,0.0,515.0,0.0,0.0,0.0,0.0,0.0,NCT06230224
153.0,1225.0,63.0,0.0,0.0,0.0,3689.0,0.0,0.0,NCT01364597
228.0,0.0,0.0,262.0,0.0,0.0,0.0,0.0,0.0,NCT06267001
0.0,1875.0,53.0,427.0,0.0,0.0,0.0,0.0,0.0,NCT03796676
478.0,1092.0,0.0,401.0,85.0,0.0,0.0,0.0,0.0,NCT04146363
368.0,0.0,0.0,358.0,0.0,1589.0,0.0,0.0,0.0,NCT03841773
393.0,887.0,46.0,957.0,31.0,0.0,0.0,0.0,0.0,NCT03842969
0.0,0.0,0.0,279.0,0.0,489.0,0.0,0.0,0.0,NCT05866926
2056.0,0.0,35.0,2123.0,0.0,0.0,0.0,0.0,0.0,NCT02003222
922.0,0.0,126.0,950.0,259.0,0.0,0.0,0.0,0.0,NCT03914612
894.0,0.0,102.0,400.0,0.0,0.0,0.0,0.0,0.0,NCT05021536
545.0,0.0,41.0,428.0,0.0,1678.0,0.0,0.0,0.0,NCT03421496
0.0,0.0,165.0,784.0,0.0,721.0,0.0,0.0,0.0,NCT04639310
1075.0,2786.0,2.0,366.0,0.0,0.0,130.0,0.0,0.0,NCT01897896
474.0,2127.0,38.0,462.0,0.0,0.0,0.0,0.0,0.0,NCT02999178
910.0,0.0,384.0,2331.0,0.0,0.0,0.0,0.0,0.0,NCT02500381
96.0,117.0,161.0,927.0,0.0,139.0,0.0,0.0,0.0,NCT04963270
393.0,0.0,105.0,494.0,0.0,3414.0,0.0,0.0,0.0,NCT01865084
794.0,206.0,0.0,341.0,0.0,0.0,0.0,0.0,0.0,NCT05096221
43.0,2172.0,30.0,1485.0,0.0,0.0,0.0,0.0,0.0,NCT02408523
103.0,1820.0,15.0,1709.0,0.0,0.0,0.0,0.0,0.0,NCT02477839
1501.0,0.0,0.0,576.0,0.0,461.0,0.0,0.0,0.0,NCT03579966
314.0,0.0,32.0,771.0,0.0,0.0,0.0,0.0,0.0,NCT05403541
321.0,0.0,117.0,1333.0,0.0,1510.0,0.0,0.0,0.0,NCT02814019
246.0,0.0,37.0,376.0,0.0,1306.0,0.0,0.0,0.0,NCT04248465
175.0,0.0,175.0,48.0,0.0,1441.0,481.0,0.0,0.0,NCT03836716
651.0,0.0,71.0,573.0,0.0,382.0,0.0,0.0,0.0,NCT04632940
0.0,0.0,1214.0,0.0,0.0,0.0,0.0,0.0,0.0,NCT05249556
654.0,1103.0,344.0,1144.0,0.0,0.0,0.0,0.0,0.0,NCT02851797
194.0,2722.0,40.0,395.0,0.0,0.0,0.0,0.0,0.0,NCT02741271
1110.0,304.0,44.0,0.0,0.0,0.0,1572.0,0.0,0.0,NCT03070119
457.0,1956.0,14.0,1710.0,0.0,0.0,0.0,0.0,0.0,NCT02065570
118.0,1299.0,37.0,690.0,66.0,0.0,0.0,0.0,0.0,NCT03971422
174.0,0.0,105.0,1058.0,0.0,3154.0,0.0,0.0,0.0,NCT01803412
30.0,2838.0,25.0,754.0,0.0,0.0,0.0,0.0,0.0,NCT02477618
0.0,0.0,251.0,677.0,0.0,0.0,0.0,0.0,0.0,NCT05644561
1090.0,2166.0,0.0,0.0,0.0,0.0,600.0,0.0,0.0,NCT02301624
0.0,1587.0,242.0,950.0,0.0,0.0,0.0,0.0,0.0,NCT03336450
687.0,3224.0,0.0,688.0,0.0,0.0,0.0,0.0,0.0,NCT01728077
254.0,2202.0,219.0,895.0,0.0,0.0,0.0,0.0,0.0,NCT02544763
0.0,2167.0,264.0,1520.0,0.0,0.0,0.0,0.0,0.0,NCT02224703
223.0,3063.0,35.0,1009.0,0.0,0.0,0.0,0.0,0.0,NCT01921205
489.0,1167.0,39.0,398.0,0.0,0.0,0.0,0.0,0.0,NCT04102501
1105.0,357.0,6.0,1296.0,0.0,0.0,0.0,0.0,0.0,NCT03355209
134.0,1236.0,0.0,714.0,0.0,0.0,0.0,0.0,0.0,NCT04115293
126.0,2099.0,218.0,2537.0,0.0,0.0,0.0,0.0,0.0,NCT01463306
932.0,145.0,61.0,406.0,0.0,0.0,0.0,0.0,0.0,NCT04818671
291.0,1984.0,86.0,654.0,0.0,0.0,0.0,0.0,0.0,NCT03085797
385.0,3357.0,280.0,722.0,0.0,0.0,0.0,0.0,0.0,NCT01626378
0.0,7238.0,0.0,0.0,0.0,0.0,0.0,0.0,0.0,NCT00133198
0.0,6884.0,0.0,0.0,0.0,0.0,0.0,0.0,0.0,NCT00363857
0.0,0.0,82.0,1275.0,0.0,2678.0,0.0,0.0,0.0,NCT02153645
2203.0,5095.0,0.0,0.0,0.0,0.0,0.0,0.0,0.0,NCT00069121
406.0,1670.0,0.0,366.0,0.0,0.0,0.0,0.0,0.0,NCT03703882
20.0,0.0,23.0,1404.0,0.0,0.0,0.0,0.0,0.0,NCT04951622
894.0,0.0,288.0,761.0,0.0,0.0,0.0,0.0,0.0,NCT04281485
1819.0,0.0,93.0,524.0,0.0,0.0,0.0,0.0,0.0,NCT03710603
2113.0,1344.0,0.0,286.0,0.0,0.0,0.0,0.0,0.0,NCT02397057
598.0,1074.0,147.0,564.0,0.0,0.0,0.0,0.0,0.0,NCT03770403
73.0,2089.0,181.0,950.0,0.0,0.0,0.0,0.0,0.0,NCT02799381
112.0,3737.0,28.0,391.0,0.0,0.0,0.0,0.0,0.0,NCT01960842
233.0,3744.0,49.0,390.0,0.0,0.0,0.0,0.0,0.0,NCT01854658
980.0,670.0,0.0,603.0,0.0,0.0,0.0,0.0,0.0,NCT03920293
78.0,558.0,194.0,0.0,0.0,0.0,784.0,0.0,0.0,NCT04714359
763.0,566.0,120.0,943.0,0.0,0.0,0.0,0.0,0.0,NCT03759366
384.0,2889.0,0.0,258.0,0.0,0.0,0.0,0.0,0.0,NCT02579850
0.0,0.0,0.0,121.0,0.0,276.0,0.0,0.0,0.0,NCT06422377
407.0,2890.0,50.0,256.0,0.0,0.0,0.0,0.0,0.0,NCT02518139
501.0,245.0,0.0,1066.0,0.0,0.0,0.0,0.0,0.0,NCT04456673
98.0,2400.0,0.0,56.0,0.0,0.0,0.0,0.0,0.0,NCT03573817
0.0,4078.0,0.0,0.0,0.0,0.0,0.0,0.0,0.0,NCT02119286
244.0,3801.0,69.0,530.0,0.0,0.0,0.0,0.0,0.0,NCT01697696
333.0,797.0,28.0,591.0,0.0,0.0,0.0,0.0,0.0,NCT04535986
0.0,2618.0,0.0,388.0,0.0,0.0,0.0,0.0,0.0,NCT03095456
333.0,2862.0,35.0,792.0,0.0,0.0,0.0,0.0,0.0,NCT02164513
20.0,5436.0,0.0,114.0,0.0,0.0,0.0,0.0,0.0,NCT01089127
364.0,4233.0,13.0,420.0,0.0,0.0,0.0,0.0,0.0,NCT01431287
0.0,0.0,0.0,1642.0,0.0,0.0,0.0,4022.0,0.0,NCT01032304
385.0,2216.0,0.0,612.0,0.0,0.0,0.0,0.0,0.0,NCT02886728
637.0,6569.0,0.0,0.0,0.0,0.0,0.0,0.0,0.0,NCT00225862
437.0,2113.0,21.0,1093.0,0.0,0.0,0.0,0.0,0.0,NCT02465567
354.0,3818.0,69.0,424.0,0.0,0.0,0.0,0.0,0.0,NCT01682863
0.0,4239.0,14.0,280.0,0.0,0.0,0.0,0.0,0.0,NCT01772147
206.0,3377.0,0.0,302.0,0.0,0.0,0.0,0.0,0.0,NCT02276222
706.0,0.0,46.0,1047.0,0.0,0.0,0.0,0.0,0.0,NCT04472429
243.0,3388.0,35.0,363.0,0.0,0.0,0.0,0.0,0.0,NCT02157935
430.0,2951.0,64.0,417.0,0.0,0.0,0.0,0.0,0.0,NCT02296138
59.0,3525.0,0.0,438.0,0.0,0.0,0.0,0.0,0.0,NCT02165826
254.0,0.0,75.0,799.0,0.0,599.0,0.0,0.0,0.0,NCT04569084
396.0,1876.0,0.0,532.0,0.0,0.0,0.0,0.0,0.0,NCT03311464
642.0,302.0,0.0,381.0,0.0,83.0,0.0,0.0,0.0,NCT05006573
131.0,559.0,0.0,1415.0,0.0,553.0,0.0,0.0,0.0,NCT03460704
437.0,3118.0,58.0,480.0,0.0,0.0,0.0,0.0,0.0,NCT02104245
371.0,2384.0,13.0,744.0,0.0,0.0,0.0,0.0,0.0,NCT02597933
0.0,0.0,58.0,432.0,0.0,3339.0,0.0,0.0,0.0,NCT02326740
714.0,2327.0,0.0,758.0,0.0,0.0,0.0,0.0,0.0,NCT02347332
919.0,3435.0,14.0,524.0,0.0,0.0,0.0,0.0,0.0,NCT01519791
263.0,0.0,750.0,796.0,0.0,1642.0,0.0,0.0,0.0,NCT02647762
0.0,6430.0,69.0,421.0,0.0,0.0,0.0,0.0,0.0,NCT00350415
407.0,1512.0,146.0,679.0,52.0,2593.0,0.0,0.0,0.0,NCT01202773
